step,efficiency/elapsed_wall_seconds,efficiency/optimizer_state_bytes,efficiency/peak_cuda_memory_bytes,efficiency/sequences_per_second,efficiency/tokens_per_second,grad_norm,lr,memory/max_allocated_gb,memory/max_reserved_gb,step_loss,throughput/sequences_per_second,throughput/tokens_per_second,wall_time_seconds
10,31.52144813607447,3700044424.0,9336470016.0,10.151817854896665,10385.309665559289,2.138355255126953,3.6e-05,8.695265293121338,10.373046875,10.030900955200195,10.151817854896665,10385.309665559289,31.52144813607447
20,34.9347314350307,3700044424.0,9336470016.0,93.7513742553555,95907.65586322868,1.7376086711883545,7.6e-05,8.695265293121338,10.373046875,8.650527954101562,93.7513742553555,95907.65586322868,34.9347314350307
30,38.349214441142976,3700044424.0,9336470016.0,93.71843392606345,95873.95790636292,1.1327753067016602,0.000116,8.695265293121338,10.373046875,7.737706661224365,93.71843392606345,95873.95790636292,38.349214441142976
40,41.767609908943996,3700044424.0,9336470016.0,93.61117021543711,95764.22713039216,0.5556755065917969,0.00015600000000000002,8.695265293121338,10.373046875,7.274456024169922,93.61117021543711,95764.22713039216,41.767609908943996
50,45.18956707394682,3700044424.0,9336470016.0,93.51373631228257,95664.55224746506,1.440982699394226,0.000196,8.695265293121338,10.373046875,7.04026460647583,93.51373631228257,95664.55224746506,45.18956707394682
60,48.61531848995946,3700044424.0,9336470016.0,93.41016353500031,95558.5972963053,1.3914738893508911,0.000236,8.695265293121338,10.373046875,6.799647808074951,93.41016353500031,95558.5972963053,48.61531848995946
70,52.04280459694564,3700044424.0,9336470016.0,93.36288755416108,95510.23396790678,1.0266999006271362,0.000276,8.695265293121338,10.373046875,6.642131328582764,93.36288755416108,95510.23396790678,52.04280459694564
80,55.47226806706749,3700044424.0,9336470016.0,93.30905629638642,95455.1645912033,0.5874444246292114,0.00031600000000000004,8.695265293121338,10.373046875,6.597346305847168,93.30905629638642,95455.1645912033,55.47226806706749
90,58.903358266921714,3700044424.0,9336470016.0,93.26481711661083,95409.90791029288,0.6375018954277039,0.00035600000000000003,8.695265293121338,10.373046875,6.400367736816406,93.26481711661083,95409.90791029288,58.903358266921714
100,62.335615603020415,3700044424.0,9336470016.0,93.23310249333758,95377.46385068435,0.5870955586433411,0.00039600000000000003,8.695265293121338,10.373046875,6.474921703338623,93.23310249333758,95377.46385068435,62.335615603020415
110,65.76981497113593,3700044424.0,9336470016.0,93.18037938362241,95323.52810944573,0.5402093529701233,0.000399265306122449,8.695265293121338,10.373046875,6.264916896820068,93.18037938362241,95323.52810944573,65.76981497113593
120,69.20653228810988,3700044424.0,9336470016.0,93.11210975063887,95253.68827490356,0.7806329131126404,0.0003984489795918367,8.695265293121338,10.373046875,6.206617832183838,93.11210975063887,95253.68827490356,69.20653228810988
130,72.64395222603343,3700044424.0,9336470016.0,93.09307730183909,95234.21807978138,0.4827241599559784,0.00039763265306122454,8.695265293121338,10.373046875,6.271813869476318,93.09307730183909,95234.21807978138,72.64395222603343
140,76.08200161391869,3700044424.0,9336470016.0,93.07603349957455,95216.78227006477,0.37817883491516113,0.00039681632653061226,8.695265293121338,10.373046875,6.185886383056641,93.07603349957455,95216.78227006477,76.08200161391869
150,79.52306430600584,3700044424.0,9336470016.0,92.99452774744626,95133.40188563752,0.4790998697280884,0.00039600000000000003,8.695265293121338,10.373046875,6.024869441986084,92.99452774744626,95133.40188563752,79.52306430600584
160,82.9688308860641,3700044424.0,9336470016.0,92.86757897413625,95003.53329054138,0.5083281397819519,0.00039518367346938775,8.695265293121338,10.373046875,5.982813835144043,92.86757897413625,95003.53329054138,82.9688308860641
170,86.41596683301032,3700044424.0,9336470016.0,92.83068754032884,94965.79335375641,0.3767261207103729,0.0003943673469387756,8.695265293121338,10.373046875,5.956546306610107,92.83068754032884,94965.79335375641,86.41596683301032
180,89.8640638331417,3700044424.0,9336470016.0,92.80481378215491,94939.32449914447,0.37079504132270813,0.0003935510204081633,8.695265293121338,10.373046875,6.018672943115234,92.80481378215491,94939.32449914447,89.8640638331417
190,93.31212636898272,3700044424.0,9336470016.0,92.80574139063539,94940.27344262,0.4822193682193756,0.00039273469387755106,8.695265293121338,10.373046875,5.896198272705078,92.80574139063539,94940.27344262,93.31212636898272
200,96.75930494302884,3700044424.0,9336470016.0,92.82953961517593,94964.61902632499,0.46359896659851074,0.0003919183673469388,8.695265293121338,10.373046875,5.861771106719971,92.82953961517593,94964.61902632499,96.75930494302884
210,100.2113239839673,3700044424.0,9336470016.0,92.69937280328695,94831.45837776255,0.4413325786590576,0.00039110204081632655,8.695265293121338,10.373046875,5.802567481994629,92.69937280328695,94831.45837776255,100.2113239839673
220,103.66229630005546,3700044424.0,9336470016.0,92.72748973041186,94860.22199421133,0.310118705034256,0.0003902857142857143,8.695265293121338,10.373046875,5.833007335662842,92.72748973041186,94860.22199421133,103.66229630005546
230,107.11488623498008,3700044424.0,9336470016.0,92.68404474074526,94815.7777697824,0.3580375015735626,0.00038946938775510204,8.695265293121338,10.373046875,5.7188029289245605,92.68404474074526,94815.7777697824,107.11488623498008
240,110.56823172210716,3700044424.0,9336470016.0,92.66376653967963,94795.03317009225,0.35632798075675964,0.0003886530612244898,8.695265293121338,10.373046875,5.753263473510742,92.66376653967963,94795.03317009225,110.56823172210716
250,123.19057854101993,3700044424.0,9336470016.0,25.3518624223291,25934.955258042668,0.335324227809906,0.00038783673469387753,8.695265293121338,11.875,5.59568452835083,25.3518624223291,25934.955258042668,123.19057854101993
260,135.7871189150028,3700044424.0,9336470016.0,25.403800607104326,25988.088021067728,0.48475438356399536,0.00038702040816326536,8.695265293121338,12.10546875,5.910437107086182,25.403800607104326,25988.088021067728,135.7871189150028
270,148.3761039210949,3700044424.0,9336470016.0,25.419046876705647,26003.684954869874,0.5242627263069153,0.0003862040816326531,8.695265293121338,12.10546875,5.809481620788574,25.419046876705647,26003.684954869874,148.3761039210949
280,160.94708385202102,3700044424.0,9336470016.0,25.45545389128828,26040.92933078791,0.40989312529563904,0.00038538775510204085,8.695265293121338,12.10546875,5.803728103637695,25.45545389128828,26040.92933078791,160.94708385202102
290,173.50736589403823,3700044424.0,9336470016.0,25.477134902665558,26063.109005426864,0.4084051549434662,0.00038457142857142856,8.695265293121338,12.10546875,5.846686363220215,25.477134902665558,26063.109005426864,173.50736589403823
300,186.06285227113403,3700044424.0,9336470016.0,25.48686609096691,26073.06401105915,0.49000421166419983,0.00038375510204081634,8.695265293121338,12.10546875,5.739024639129639,25.48686609096691,26073.06401105915,186.06285227113403
310,198.6200877239462,3700044424.0,9336470016.0,25.48331606924968,26069.43233884242,0.732082724571228,0.0003829387755102041,8.695265293121338,12.10546875,5.871764659881592,25.48331606924968,26069.43233884242,198.6200877239462
320,211.16923476895317,3700044424.0,9336470016.0,25.49974104633038,26086.23509039598,0.3759426474571228,0.0003821224489795919,8.695265293121338,12.10546875,5.616942882537842,25.49974104633038,26086.23509039598,211.16923476895317
330,223.7213702390436,3700044424.0,9336470016.0,25.493670042241387,26080.02445321294,0.3180776834487915,0.0003813061224489796,8.695265293121338,12.10546875,5.532010078430176,25.493670042241387,26080.02445321294,223.7213702390436
340,236.26929661398754,3700044424.0,9336470016.0,25.50222167696055,26088.77277553064,0.3368673026561737,0.00038048979591836737,8.695265293121338,12.10546875,5.768068790435791,25.50222167696055,26088.77277553064,236.26929661398754
350,248.82023786311038,3700044424.0,9336470016.0,25.496095762727283,26082.50596527001,0.30906254053115845,0.0003796734693877551,8.695265293121338,12.10546875,5.522054195404053,25.496095762727283,26082.50596527001,248.82023786311038
360,261.3650828071404,3700044424.0,9336470016.0,25.508485870308384,26095.181045325477,0.30044928193092346,0.0003788571428571429,8.695265293121338,12.10546875,5.335013389587402,25.508485870308384,26095.181045325477,261.3650828071404
370,273.91620941413566,3700044424.0,9336470016.0,25.495719230626783,26082.120772931197,0.2953568696975708,0.00037804081632653063,8.695265293121338,12.10546875,5.589416980743408,25.495719230626783,26082.120772931197,273.91620941413566
380,286.46780886594206,3700044424.0,9336470016.0,25.494758753948794,26081.138205289615,0.2877671718597412,0.0003772244897959184,8.695265293121338,12.10546875,5.619887351989746,25.494758753948794,26081.138205289615,286.46780886594206
390,299.0177287720144,3700044424.0,9336470016.0,25.498170697102776,26084.628623136137,0.3033796548843384,0.0003764081632653061,8.695265293121338,12.10546875,5.5531182289123535,25.498170697102776,26084.628623136137,299.0177287720144
400,311.56662551895715,3700044424.0,9336470016.0,25.50024965963323,26086.755401804792,0.28921934962272644,0.0003755918367346939,8.695265293121338,12.10546875,5.4542155265808105,25.50024965963323,26086.755401804792,311.56662551895715
410,324.11937247007154,3700044424.0,9336470016.0,25.49242817099819,26078.754018931148,0.7385829091072083,0.00037477551020408166,8.695265293121338,12.10546875,5.371499538421631,25.49242817099819,26078.754018931148,324.11937247007154
420,336.66747150500305,3700044424.0,9336470016.0,25.501870770160576,26088.413797874266,0.3156064450740814,0.0003739591836734694,8.695265293121338,12.10546875,5.420409679412842,25.501870770160576,26088.413797874266,336.66747150500305
430,349.21621183212847,3700044424.0,9336470016.0,25.50056751977619,26087.080572731044,0.3196878731250763,0.00037314285714285715,8.695265293121338,12.10546875,5.449976921081543,25.50056751977619,26087.080572731044,349.21621183212847
440,361.76777870208025,3700044424.0,9336470016.0,25.494824934253746,26081.205907741583,0.2838993966579437,0.00037232653061224487,8.695265293121338,12.10546875,5.20426082611084,25.494824934253746,26081.205907741583,361.76777870208025
450,374.3227557791397,3700044424.0,9336470016.0,25.48789998069423,26074.1216802502,0.28386276960372925,0.0003715102040816327,8.695265293121338,12.10546875,5.354240417480469,25.48789998069423,26074.1216802502,374.3227557791397
460,386.8784522761125,3700044424.0,9336470016.0,25.486439567661755,26072.627677717974,0.3047887086868286,0.0003706938775510204,8.695265293121338,12.10546875,5.462336540222168,25.486439567661755,26072.627677717974,386.8784522761125
470,399.43382997391745,3700044424.0,9336470016.0,25.487086705161058,26073.289699379762,0.2669224739074707,0.0003698775510204082,8.695265293121338,12.10546875,5.216337203979492,25.487086705161058,26073.289699379762,399.43382997391745
480,411.98637072811835,3700044424.0,9336470016.0,25.49284692765545,26079.182406991524,0.3648643493652344,0.0003690612244897959,8.695265293121338,12.10546875,5.426671028137207,25.49284692765545,26079.182406991524,411.98637072811835
490,424.53896720311604,3700044424.0,9336470016.0,25.492733765271353,26079.066641872592,0.29219165444374084,0.00036824489795918373,8.695265293121338,12.10546875,5.315352916717529,25.492733765271353,26079.066641872592,424.53896720311604
500,437.09390785195865,3700044424.0,9336470016.0,25.48797393395083,26074.1973344317,0.26173508167266846,0.00036742857142857145,8.695265293121338,12.10546875,5.371001243591309,25.48797393395083,26074.1973344317,437.09390785195865
500.0,,,,,,,,,,,,,
510,453.57726683607325,3700044424.0,10349941760.0,19.413518828801305,19860.029761863738,0.29450422525405884,0.0003666122448979592,9.639134407043457,12.298828125,5.25803804397583,19.413518828801305,19860.029761863738,453.57726683607325
520,466.1522351021413,3700044424.0,10349941760.0,25.447380321704657,26032.67006910386,0.24933116137981415,0.00036579591836734694,9.639134407043457,12.298828125,5.158600330352783,25.447380321704657,26032.67006910386,466.1522351021413
530,478.7108571429271,3700044424.0,10349941760.0,25.480502475570653,26066.55403250878,0.2977534830570221,0.0003649795918367347,9.639134407043457,12.298828125,5.422057151794434,25.480502475570653,26066.55403250878,478.7108571429271
540,491.27194564510137,3700044424.0,10349941760.0,25.475499192972812,26061.435674411186,0.2581554651260376,0.0003641632653061225,9.639134407043457,12.298828125,5.1880269050598145,25.475499192972812,26061.435674411186,491.27194564510137
550,503.8355920170434,3700044424.0,10349941760.0,25.47031256106075,26056.12974996515,0.37366050481796265,0.00036334693877551025,9.639134407043457,12.298828125,5.181072235107422,25.47031256106075,26056.12974996515,503.8355920170434
560,516.3999174430501,3700044424.0,10349941760.0,25.4689359874138,26054.721515124318,2.1059765815734863,0.00036253061224489797,9.639134407043457,12.298828125,5.169719696044922,25.4689359874138,26054.721515124318,516.3999174430501
570,528.9665625460912,3700044424.0,10349941760.0,25.46423467648984,26049.91207404911,0.2617776691913605,0.00036171428571428574,9.639134407043457,12.298828125,5.11357307434082,25.46423467648984,26049.91207404911,528.9665625460912
580,541.5273601401132,3700044424.0,10349941760.0,25.476089205696294,26062.03925742731,0.28812462091445923,0.0003608979591836735,9.639134407043457,12.298828125,5.170475959777832,25.476089205696294,26062.03925742731,541.5273601401132
590,554.0788811331149,3700044424.0,10349941760.0,25.494918120156083,26081.301236919673,0.3113428056240082,0.00036008163265306123,9.639134407043457,12.298828125,5.2880144119262695,25.494918120156083,26081.301236919673,554.0788811331149
600,566.6414087510202,3700044424.0,10349941760.0,25.472580815974172,26058.45017474158,0.29187723994255066,0.000359265306122449,9.639134407043457,12.298828125,5.052734375,25.472580815974172,26058.45017474158,566.6414087510202
610,579.1994204099756,3700044424.0,10349941760.0,25.48174095473161,26067.82099669044,0.2786882221698761,0.0003584489795918367,9.639134407043457,12.298828125,5.081113815307617,25.48174095473161,26067.82099669044,579.1994204099756
620,591.7521406221204,3700044424.0,10349941760.0,25.49248247327296,26078.809570158242,0.32090678811073303,0.0003576326530612245,9.639134407043457,12.298828125,5.182398319244385,25.49248247327296,26078.809570158242,591.7521406221204
630,604.3105589291081,3700044424.0,10349941760.0,25.48091584287698,26066.97690726315,0.40475985407829285,0.00035681632653061226,9.639134407043457,12.298828125,5.023568153381348,25.48091584287698,26066.97690726315,604.3105589291081
640,616.876261687139,3700044424.0,10349941760.0,25.46614432650671,26051.865646016366,0.3061094284057617,0.00035600000000000003,9.639134407043457,12.298828125,5.0944132804870605,25.46614432650671,26051.865646016366,616.876261687139
650,629.4403424321208,3700044424.0,10349941760.0,25.469431985926356,26055.228921602662,0.3365105092525482,0.00035518367346938775,9.639134407043457,12.298828125,5.098355770111084,25.469431985926356,26055.228921602662,629.4403424321208
660,642.0018397429958,3700044424.0,10349941760.0,25.474670103456805,26060.587515836312,0.8172954320907593,0.0003543673469387755,9.639134407043457,12.298828125,5.328513145446777,25.474670103456805,26060.587515836312,642.0018397429958
670,654.5589326710906,3700044424.0,10349941760.0,25.48360530836269,26069.728230455035,0.26658010482788086,0.0003535510204081633,9.639134407043457,12.298828125,5.063663482666016,25.48360530836269,26069.728230455035,654.5589326710906
680,667.124100696994,3700044424.0,10349941760.0,25.467228081654945,26052.974327533007,0.27139005064964294,0.00035273469387755107,9.639134407043457,12.298828125,4.962242603302002,25.467228081654945,26052.974327533007,667.124100696994
690,679.6953265790362,3700044424.0,10349941760.0,25.454955865291947,26040.41985019366,0.2720710337162018,0.0003519183673469388,9.639134407043457,12.298828125,4.8371901512146,25.454955865291947,26040.41985019366,679.6953265790362
700,692.2511222730391,3700044424.0,10349941760.0,25.486238212114586,26072.42169099322,0.34536275267601013,0.00035110204081632656,9.639134407043457,12.298828125,4.896388053894043,25.486238212114586,26072.42169099322,692.2511222730391
710,704.8186117070727,3700044424.0,10349941760.0,25.462523893866805,26048.161943425745,0.285770982503891,0.0003502857142857143,9.639134407043457,12.298828125,5.042675018310547,25.462523893866805,26048.161943425745,704.8186117070727
720,717.3814145540819,3700044424.0,10349941760.0,25.47202275614657,26057.879279537938,0.25856226682662964,0.0003494693877551021,9.639134407043457,12.298828125,4.989374160766602,25.47202275614657,26057.879279537938,717.3814145540819
730,729.9448223439977,3700044424.0,10349941760.0,25.470796248200475,26056.624561909088,0.2643364369869232,0.0003486530612244898,9.639134407043457,12.298828125,4.972506523132324,25.470796248200475,26056.624561909088,729.9448223439977
740,742.5059496699832,3700044424.0,10349941760.0,25.47542045354531,26061.355123976853,0.2644936144351959,0.0003478367346938776,9.639134407043457,12.298828125,4.963799953460693,25.47542045354531,26061.355123976853,742.5059496699832
750,755.0748232959304,3700044424.0,10349941760.0,25.459719742856873,26045.29329694258,0.2729511857032776,0.0003470204081632653,9.639134407043457,12.298828125,4.955845832824707,25.459719742856873,26045.29329694258,755.0748232959304
760,767.6323401001282,3700044424.0,10349941760.0,25.482745115103366,26068.848252750744,0.2755264937877655,0.0003462040816326531,9.639134407043457,12.298828125,4.8823466300964355,25.482745115103366,26068.848252750744,767.6323401001282
770,780.1955607309937,3700044424.0,10349941760.0,25.47117569628749,26057.0127373021,0.2767027020454407,0.00034538775510204085,9.639134407043457,12.298828125,4.997158050537109,25.47117569628749,26057.0127373021,780.1955607309937
780,792.7579229751136,3700044424.0,10349941760.0,25.4729161428046,26058.793214089106,0.2799266576766968,0.00034457142857142857,9.639134407043457,12.298828125,5.096900939941406,25.4729161428046,26058.793214089106,792.7579229751136
790,805.3081307369284,3700044424.0,10349941760.0,25.497585862572727,26084.0303374119,0.2535289525985718,0.00034375510204081634,9.639134407043457,12.298828125,4.86151647567749,25.497585862572727,26084.0303374119,805.3081307369284
800,817.8853370810393,3700044424.0,10349941760.0,25.442852032863062,26028.037629618913,0.47578492760658264,0.00034293877551020406,9.639134407043457,12.298828125,4.992729663848877,25.442852032863062,26028.037629618913,817.8853370810393
810,830.4560489770956,3700044424.0,10349941760.0,25.455996656831392,26041.48457993851,0.26312485337257385,0.0003421224489795919,9.639134407043457,12.298828125,4.959357738494873,25.455996656831392,26041.48457993851,830.4560489770956
820,843.024669743143,3700044424.0,10349941760.0,25.460231950385626,26045.8172852445,0.35209420323371887,0.0003413061224489796,9.639134407043457,12.298828125,4.9688262939453125,25.460231950385626,26045.8172852445,843.024669743143
830,855.5929853010457,3700044424.0,10349941760.0,25.460850224976337,26046.44978015079,0.3818698227405548,0.00034048979591836737,9.639134407043457,12.298828125,4.882289886474609,25.460850224976337,26046.44978015079,855.5929853010457
840,868.1474662141409,3700044424.0,10349941760.0,25.488907284586993,26075.152152132494,0.25202423334121704,0.0003396734693877551,9.639134407043457,12.298828125,4.912572860717773,25.488907284586993,26075.152152132494,868.1474662141409
850,880.7009903639555,3700044424.0,10349941760.0,25.490849914422277,26077.13946245399,0.2698526680469513,0.0003388571428571429,9.639134407043457,12.298828125,4.842262268066406,25.490849914422277,26077.13946245399,880.7009903639555
860,893.2609352290165,3700044424.0,10349941760.0,25.477818846973626,26063.808680454018,0.28570958971977234,0.00033804081632653063,9.639134407043457,12.298828125,4.945181369781494,25.477818846973626,26063.808680454018,893.2609352290165
870,905.8334511299618,3700044424.0,10349941760.0,25.452344027335066,26037.74793996377,0.2544827163219452,0.0003372244897959184,9.639134407043457,12.298828125,4.920643329620361,25.452344027335066,26037.74793996377,905.8334511299618
880,918.3947967931163,3700044424.0,10349941760.0,25.47497764818608,26060.902134094362,0.3555983006954193,0.0003364081632653061,9.639134407043457,12.298828125,5.054681777954102,25.47497764818608,26060.902134094362,918.3947967931163
890,930.9478050731122,3700044424.0,10349941760.0,25.491897468907123,26078.211110691987,0.26090484857559204,0.0003355918367346939,9.639134407043457,12.298828125,4.851537704467773,25.491897468907123,26078.211110691987,930.9478050731122
900,943.5025158149656,3700044424.0,10349941760.0,25.48844068013639,26074.674815779526,0.2625121474266052,0.00033477551020408167,9.639134407043457,12.298828125,4.861132621765137,25.48844068013639,26074.674815779526,943.5025158149656
910,956.072571461089,3700044424.0,10349941760.0,25.45732564825111,26042.844138160886,0.25206342339515686,0.00033395918367346944,9.639134407043457,12.298828125,4.8940253257751465,25.45732564825111,26042.844138160886,956.072571461089
920,968.6349219370168,3700044424.0,10349941760.0,25.472940005390658,26058.817625514643,0.2501260042190552,0.00033314285714285716,9.639134407043457,12.298828125,4.750728130340576,25.472940005390658,26058.817625514643,968.6349219370168
930,981.1891951831058,3700044424.0,10349941760.0,25.489328910352405,26075.58347529051,0.26169484853744507,0.00033232653061224493,9.639134407043457,12.298828125,4.910491466522217,25.489328910352405,26075.58347529051,981.1891951831058
940,993.752146004932,3700044424.0,10349941760.0,25.471722729667,26057.57235244934,0.2552015483379364,0.00033151020408163264,9.639134407043457,12.298828125,4.638919830322266,25.471722729667,26057.57235244934,993.752146004932
950,1006.3081889920868,3700044424.0,10349941760.0,25.48573625682625,26071.908190733255,0.2635037302970886,0.0003306938775510204,9.639134407043457,12.298828125,4.871822357177734,25.48573625682625,26071.908190733255,1006.3081889920868
960,1018.8695794020314,3700044424.0,10349941760.0,25.47488689999341,26060.809298693257,0.26508527994155884,0.0003298775510204082,9.639134407043457,12.298828125,4.824568748474121,25.47488689999341,26060.809298693257,1018.8695794020314
970,1031.444096863037,3700044424.0,10349941760.0,25.448292627716405,26033.603358153883,0.29184749722480774,0.0003290612244897959,9.639134407043457,12.298828125,4.779267311096191,25.448292627716405,26033.603358153883,1031.444096863037
980,1044.006764613092,3700044424.0,10349941760.0,25.472296678275185,26058.159501875514,0.62434321641922,0.0003282448979591837,9.639134407043457,12.298828125,4.7749247550964355,25.472296678275185,26058.159501875514,1044.006764613092
990,1056.5619789480697,3700044424.0,10349941760.0,25.487418331721063,26073.628953350646,0.26074376702308655,0.00032742857142857145,9.639134407043457,12.298828125,4.886373043060303,25.487418331721063,26073.628953350646,1056.5619789480697
1000,1069.128742706962,3700044424.0,10349941760.0,25.46399424223832,26049.6661098098,0.26686978340148926,0.0003266122448979592,9.639134407043457,12.298828125,4.748603820800781,25.46399424223832,26049.6661098098,1069.128742706962
1000.0,,,,,,,,,,,,,
1010,1083.9723599390127,3700044424.0,10349941760.0,21.558087560291384,22053.923574178083,0.2737559676170349,0.00032579591836734694,9.639134407043457,12.298828125,4.774380683898926,21.558087560291384,22053.923574178083,1083.9723599390127
1020,1096.5528669031337,3700044424.0,10349941760.0,25.436176849837945,26021.208917384218,0.2928001582622528,0.0003249795918367347,9.639134407043457,12.298828125,4.85686731338501,25.436176849837945,26021.208917384218,1096.5528669031337
1030,1109.1115054439288,3700044424.0,10349941760.0,25.48046899833309,26066.519785294753,0.24206285178661346,0.00032416326530612243,9.639134407043457,12.298828125,4.705747604370117,25.48046899833309,26066.519785294753,1109.1115054439288
1040,1121.6846016200725,3700044424.0,10349941760.0,25.451169347385555,26036.546242375425,0.24321730434894562,0.00032334693877551025,9.639134407043457,12.298828125,4.535399913787842,25.451169347385555,26036.546242375425,1121.6846016200725
1050,1134.2607911559753,3700044424.0,10349941760.0,25.444909134555914,26030.1420446507,0.3577914237976074,0.00032253061224489797,9.639134407043457,12.298828125,4.860680103302002,25.444909134555914,26030.1420446507,1134.2607911559753
1060,1146.8344241769519,3700044424.0,10349941760.0,25.450082682240275,26035.434583931805,0.24897783994674683,0.00032171428571428574,9.639134407043457,12.298828125,4.74104642868042,25.450082682240275,26035.434583931805,1146.8344241769519
1070,1159.3943455219269,3700044424.0,10349941760.0,25.477866557502452,26063.857488325008,0.26291120052337646,0.00032089795918367346,9.639134407043457,12.298828125,4.567119121551514,25.477866557502452,26063.857488325008,1159.3943455219269
1080,1171.962175610941,3700044424.0,10349941760.0,25.461833724162386,26047.45589981812,0.24167883396148682,0.00032008163265306123,9.639134407043457,12.298828125,4.636044979095459,25.461833724162386,26047.45589981812,1171.962175610941
1090,1184.5294757629745,3700044424.0,10349941760.0,25.462907396877878,26048.554267006068,0.3082035183906555,0.000319265306122449,9.639134407043457,12.298828125,4.8893537521362305,25.462907396877878,26048.554267006068,1184.5294757629745
1100,1197.1022859469522,3700044424.0,10349941760.0,25.451748282002644,26037.138492488706,0.2656673789024353,0.0003184489795918367,9.639134407043457,12.298828125,4.628620147705078,25.451748282002644,26037.138492488706,1197.1022859469522
1110,1209.6784830191173,3700044424.0,10349941760.0,25.444893886742314,26030.126446137387,0.2416333705186844,0.0003176326530612245,9.639134407043457,12.298828125,4.643383979797363,25.444893886742314,26030.126446137387,1209.6784830191173
1120,1222.2443233779632,3700044424.0,10349941760.0,25.465865462370907,26051.580368005438,0.2699383795261383,0.00031681632653061227,9.639134407043457,12.298828125,4.536571502685547,25.465865462370907,26051.580368005438,1222.2443233779632
1130,1234.804313539993,3700044424.0,10349941760.0,25.47772696250932,26063.71468264703,0.243055522441864,0.00031600000000000004,9.639134407043457,12.298828125,4.621294975280762,25.47772696250932,26063.71468264703,1234.804313539993
1140,1247.3770766609814,3700044424.0,10349941760.0,25.451843554246793,26037.23595599447,0.2669188678264618,0.00031518367346938775,9.639134407043457,12.298828125,4.713099479675293,25.451843554246793,26037.23595599447,1247.3770766609814
1150,1259.9358309251256,3700044424.0,10349941760.0,25.48023420711507,26066.279593878717,0.3109499514102936,0.0003143673469387755,9.639134407043457,12.298828125,4.55880069732666,25.48023420711507,26066.279593878717,1259.9358309251256
1160,1272.4933984659147,3700044424.0,10349941760.0,25.48264215665876,26068.742926261908,0.39263901114463806,0.00031355102040816324,9.639134407043457,12.298828125,4.506497859954834,25.48264215665876,26068.742926261908,1272.4933984659147
1170,1285.048462371109,3700044424.0,10349941760.0,25.487723711832842,26073.941357204996,0.2547897696495056,0.00031273469387755107,9.639134407043457,12.298828125,4.590561866760254,25.487723711832842,26073.941357204996,1285.048462371109
1180,1297.6270216060802,3700044424.0,10349941760.0,25.440115518980036,26025.23817591658,0.2733702063560486,0.0003119183673469388,9.639134407043457,12.298828125,4.754220008850098,25.440115518980036,26025.23817591658,1297.6270216060802
1190,1310.2055563360918,3700044424.0,10349941760.0,25.440165080317346,26025.288877164643,0.37387287616729736,0.00031110204081632656,9.639134407043457,12.298828125,4.550090789794922,25.440165080317346,26025.288877164643,1310.2055563360918
1200,1322.784070189111,3700044424.0,10349941760.0,25.44020730423518,26025.33207223259,0.24398858845233917,0.0003102857142857143,9.639134407043457,12.298828125,4.518864154815674,25.44020730423518,26025.33207223259,1322.784070189111
1210,1335.3555057051126,3700044424.0,10349941760.0,25.454531393227555,26039.985615271788,0.28297099471092224,0.00030946938775510205,9.639134407043457,12.298828125,4.436793804168701,25.454531393227555,26039.985615271788,1335.3555057051126
1220,1347.9331882800907,3700044424.0,10349941760.0,25.441888685965445,26027.05212574265,0.3073326051235199,0.0003086530612244898,9.639134407043457,12.298828125,4.792181015014648,25.441888685965445,26027.05212574265,1347.9331882800907
1230,1360.4905386650935,3700044424.0,10349941760.0,25.48308283108633,26069.19373620132,0.2458932250738144,0.0003078367346938776,9.639134407043457,12.298828125,4.5620808601379395,25.48308283108633,26069.19373620132,1360.4905386650935
1240,1373.045274016913,3700044424.0,10349941760.0,25.488390717341783,26074.623703840643,0.3150380849838257,0.0003070204081632653,9.639134407043457,12.298828125,4.39625358581543,25.488390717341783,26074.623703840643,1373.045274016913
1250,1385.598091481952,3700044424.0,10349941760.0,25.492284970385057,26078.607524703915,0.24749816954135895,0.0003062040816326531,9.639134407043457,12.298828125,4.532603740692139,25.492284970385057,26078.607524703915,1385.598091481952
1260,1398.1450212970376,3700044424.0,10349941760.0,25.504247231482317,26090.84491780641,0.2743581533432007,0.00030538775510204085,9.639134407043457,12.298828125,4.57755708694458,25.504247231482317,26090.84491780641,1398.1450212970376
1270,1410.6944323750213,3700044424.0,10349941760.0,25.499204545255413,26085.686249796287,0.2723877429962158,0.00030457142857142857,9.639134407043457,12.298828125,4.52449893951416,25.499204545255413,26085.686249796287,1410.6944323750213
1280,1423.241755432915,3700044424.0,10349941760.0,25.50344790865047,26090.027210549433,0.25157302618026733,0.00030375510204081634,9.639134407043457,12.298828125,4.564359188079834,25.50344790865047,26090.027210549433,1423.241755432915
1290,1435.789527558023,3700044424.0,10349941760.0,25.50253517592004,26089.0934849662,0.2388320416212082,0.00030293877551020406,9.639134407043457,12.298828125,4.562264919281006,25.50253517592004,26089.0934849662,1435.789527558023
1300,1448.3338196850382,3700044424.0,10349941760.0,25.50961000906987,26096.33103927848,0.24124228954315186,0.00030212244897959183,9.639134407043457,12.298828125,4.485767841339111,25.50961000906987,26096.33103927848,1448.3338196850382
1310,1460.8853131940123,3700044424.0,10349941760.0,25.494973946423652,26081.358347191395,0.24162504076957703,0.0003013061224489796,9.639134407043457,12.298828125,4.561315536499023,25.494973946423652,26081.358347191395,1460.8853131940123
1320,1473.4389245950151,3700044424.0,10349941760.0,25.4906727457277,26076.958218879437,0.23783351480960846,0.0003004897959183674,9.639134407043457,12.298828125,4.296386241912842,25.4906727457277,26076.958218879437,1473.4389245950151
1330,1485.9902641240042,3700044424.0,10349941760.0,25.49528671907217,26081.67831361083,0.27149131894111633,0.0002996734693877551,9.639134407043457,12.298828125,4.646306991577148,25.49528671907217,26081.67831361083,1485.9902641240042
1340,1498.537153466139,3700044424.0,10349941760.0,25.504329501447,26090.92907998028,0.2561049163341522,0.00029885714285714287,9.639134407043457,12.298828125,4.526538848876953,25.504329501447,26090.92907998028,1498.537153466139
1350,1511.0855779361445,3700044424.0,10349941760.0,25.501209396039684,26087.737212148597,0.28356850147247314,0.00029804081632653064,9.639134407043457,12.298828125,4.513454437255859,25.501209396039684,26087.737212148597,1511.0855779361445
1360,1523.6326646879315,3700044424.0,10349941760.0,25.50392822895121,26090.51857821709,0.24866165220737457,0.0002972244897959184,9.639134407043457,12.298828125,4.489134788513184,25.50392822895121,26090.51857821709,1523.6326646879315
1370,1536.1833298751153,3700044424.0,10349941760.0,25.496656569786524,26083.079670891613,0.27496224641799927,0.0002964081632653061,9.639134407043457,12.298828125,4.412921905517578,25.496656569786524,26083.079670891613,1536.1833298751153
1380,1548.7300603690092,3700044424.0,10349941760.0,25.504652399741534,26091.25940493559,0.24203677475452423,0.0002955918367346939,9.639134407043457,12.298828125,4.4829583168029785,25.504652399741534,26091.25940493559,1548.7300603690092
1390,1561.2748469689395,3700044424.0,10349941760.0,25.508604506813693,26095.302410470405,0.24234981834888458,0.0002947755102040816,9.639134407043457,12.298828125,4.522146701812744,25.508604506813693,26095.302410470405,1561.2748469689395
1400,1573.8192758599762,3700044424.0,10349941760.0,25.509331893829685,26096.046527387767,0.2618241310119629,0.00029395918367346944,9.639134407043457,12.298828125,4.433595180511475,25.509331893829685,26096.046527387767,1573.8192758599762
1410,1586.3648221660405,3700044424.0,10349941760.0,25.507059811760943,26093.722187431445,0.28270864486694336,0.00029314285714285716,9.639134407043457,12.298828125,4.269567489624023,25.507059811760943,26093.722187431445,1586.3648221660405
1420,1598.916854660958,3700044424.0,10349941760.0,25.49387918885426,26080.23841019791,0.24703150987625122,0.00029232653061224493,9.639134407043457,12.298828125,4.4122843742370605,25.49387918885426,26080.23841019791,1598.916854660958
1430,1611.4650552740786,3700044424.0,10349941760.0,25.501664331490176,26088.202611114448,0.2460584193468094,0.00029151020408163265,9.639134407043457,12.298828125,4.501862049102783,25.501664331490176,26088.202611114448,1611.4650552740786
1440,1624.009831193136,3700044424.0,10349941760.0,25.508626225349403,26095.32462853244,0.26875466108322144,0.0002906938775510204,9.639134407043457,12.298828125,4.446109771728516,25.508626225349403,26095.32462853244,1624.009831193136
1450,1636.559320867993,3700044424.0,10349941760.0,25.499044844917112,26085.522876350205,0.27924346923828125,0.0002898775510204082,9.639134407043457,12.298828125,4.496277809143066,25.499044844917112,26085.522876350205,1636.559320867993
1460,1649.1114004030824,3700044424.0,10349941760.0,25.493783647995343,26080.140671899237,0.25619810819625854,0.0002890612244897959,9.639134407043457,12.298828125,4.596156597137451,25.493783647995343,26080.140671899237,1649.1114004030824
1470,1661.6583330580033,3700044424.0,10349941760.0,25.504241458926977,26090.839012482298,0.2589624226093292,0.0002882448979591837,9.639134407043457,12.298828125,4.369316577911377,25.504241458926977,26090.839012482298,1661.6583330580033
1480,1674.2045712389518,3700044424.0,10349941760.0,25.505653199372777,26092.28322295835,0.27077218890190125,0.0002874285714285714,9.639134407043457,12.298828125,4.374080181121826,25.505653199372777,26092.28322295835,1674.2045712389518
1490,1686.750766756013,3700044424.0,10349941760.0,25.50573993246315,26092.3719509098,0.2567954957485199,0.0002866122448979592,9.639134407043457,12.298828125,4.427264213562012,25.50573993246315,26092.3719509098,1686.750766756013
1500,1699.303434825968,3700044424.0,10349941760.0,25.492588365809322,26078.917898222935,0.2482008934020996,0.00028579591836734694,9.639134407043457,12.298828125,4.36807107925415,25.492588365809322,26078.917898222935,1699.303434825968
1500.0,,,,,,,,,,,,,
1510,1714.1075594960712,3700044424.0,10349941760.0,21.61559748589779,22112.75622807344,0.26180532574653625,0.0002849795918367347,9.639134407043457,12.298828125,4.452308177947998,21.61559748589779,22112.75622807344,1714.1075594960712
1520,1726.6615515251178,3700044424.0,10349941760.0,25.489899886793307,26076.167584189552,0.265580952167511,0.00028416326530612243,9.639134407043457,12.298828125,4.267675399780273,25.489899886793307,26076.167584189552,1726.6615515251178
1530,1739.21178116207,3700044424.0,10349941760.0,25.497541420103396,26083.984872765774,0.2709035575389862,0.0002833469387755102,9.639134407043457,12.298828125,4.288660526275635,25.497541420103396,26083.984872765774,1739.21178116207
1540,1751.7631862950511,3700044424.0,10349941760.0,25.495153459682687,26081.541989255387,0.23241285979747772,0.000282530612244898,9.639134407043457,12.298828125,4.347049236297607,25.495153459682687,26081.541989255387,1751.7631862950511
1550,1764.3144539019559,3700044424.0,10349941760.0,25.495432813810847,26081.827768528496,0.28041768074035645,0.00028171428571428575,9.639134407043457,12.298828125,4.4342827796936035,25.495432813810847,26081.827768528496,1764.3144539019559
1560,1776.8613128040452,3700044424.0,10349941760.0,25.50439137772672,26090.99237941443,0.2584807872772217,0.00028089795918367346,9.639134407043457,12.298828125,4.420413017272949,25.50439137772672,26090.99237941443,1776.8613128040452
1570,1789.4116167689208,3700044424.0,10349941760.0,25.49739041345768,26083.830392967204,0.25849348306655884,0.00028008163265306124,9.639134407043457,12.298828125,4.26859188079834,25.49739041345768,26083.830392967204,1789.4116167689208
1580,1801.9652694910765,3700044424.0,10349941760.0,25.490588841544007,26076.872384899518,0.28780174255371094,0.000279265306122449,9.639134407043457,12.298828125,4.3804802894592285,25.490588841544007,26076.872384899518,1801.9652694910765
1590,1814.5194334019907,3700044424.0,10349941760.0,25.489550898869627,26075.810569543628,0.24886120855808258,0.0002784489795918368,9.639134407043457,12.298828125,4.412990570068359,25.489550898869627,26075.810569543628,1814.5194334019907
1600,1827.0762332000304,3700044424.0,10349941760.0,25.4842002060076,26070.336810745775,0.25433552265167236,0.0002776326530612245,9.639134407043457,12.298828125,4.309527397155762,25.4842002060076,26070.336810745775,1827.0762332000304
1610,1839.6273999700788,3700044424.0,10349941760.0,25.4956376457075,26082.03731155877,0.25689923763275146,0.00027681632653061227,9.639134407043457,12.298828125,4.345971584320068,25.4956376457075,26082.03731155877,1839.6273999700788
1620,1852.1792724039406,3700044424.0,10349941760.0,25.494204285945614,26080.57098452236,0.24827982485294342,0.000276,9.639134407043457,12.298828125,4.333500862121582,25.494204285945614,26080.57098452236,1852.1792724039406
1630,1864.732140117092,3700044424.0,10349941760.0,25.49218292683349,26078.50313415066,0.24955220520496368,0.00027518367346938776,9.639134407043457,12.298828125,4.3074951171875,25.49218292683349,26078.50313415066,1864.732140117092
1640,1877.2865989219863,3700044424.0,10349941760.0,25.4889521701446,26075.198070057926,0.2619270384311676,0.00027436734693877553,9.639134407043457,12.298828125,4.414206504821777,25.4889521701446,26075.198070057926,1877.2865989219863
1650,1889.8408427499235,3700044424.0,10349941760.0,25.489388639075067,26075.644577773794,0.26656126976013184,0.00027355102040816325,9.639134407043457,12.298828125,4.457104206085205,25.489388639075067,26075.644577773794,1889.8408427499235
1660,1902.3969937500078,3700044424.0,10349941760.0,25.485517018539372,26071.683909965777,0.2614331543445587,0.000272734693877551,9.639134407043457,12.298828125,4.297996520996094,25.485517018539372,26071.683909965777,1902.3969937500078
1670,1914.9532098639756,3700044424.0,10349941760.0,25.485384856033555,26071.548707722326,0.28088802099227905,0.0002719183673469388,9.639134407043457,12.298828125,4.348514080047607,25.485384856033555,26071.548707722326,1914.9532098639756
1680,1927.5109273220878,3700044424.0,10349941760.0,25.48233793819617,26068.431710774683,0.24916201829910278,0.00027110204081632656,9.639134407043457,12.298828125,4.393744468688965,25.48233793819617,26068.431710774683,1927.5109273220878
1690,1940.0683684470132,3700044424.0,10349941760.0,25.482898690628048,26069.005360512492,0.2564886212348938,0.0002702857142857143,9.639134407043457,12.298828125,4.33873176574707,25.482898690628048,26069.005360512492,1940.0683684470132
1700,1952.6235069390386,3700044424.0,10349941760.0,25.487572295857372,26073.786458662093,0.25372523069381714,0.00026946938775510205,9.639134407043457,12.298828125,4.450152397155762,25.487572295857372,26073.786458662093,1952.6235069390386
1710,1965.1760362510104,3700044424.0,10349941760.0,25.49287016560129,26079.206179410117,0.23949675261974335,0.00026865306122448977,9.639134407043457,12.298828125,4.281147480010986,25.49287016560129,26079.206179410117,1965.1760362510104
1720,1977.7325338139199,3700044424.0,10349941760.0,25.484813611181234,26070.964324238405,0.25556129217147827,0.0002678367346938776,9.639134407043457,12.298828125,4.250053882598877,25.484813611181234,26070.964324238405,1977.7325338139199
1730,1990.288586844923,3700044424.0,10349941760.0,25.485715870255067,26071.887335270934,0.2626381516456604,0.0002670204081632653,9.639134407043457,12.298828125,4.225935459136963,25.485715870255067,26071.887335270934,1990.288586844923
1740,2002.8420548040885,3700044424.0,10349941760.0,25.490964014159985,26077.256186485665,0.24015381932258606,0.0002662040816326531,9.639134407043457,12.298828125,4.25054407119751,25.490964014159985,26077.256186485665,2002.8420548040885
1750,2015.396816184977,3700044424.0,10349941760.0,25.488337873718557,26074.569644814084,0.25335419178009033,0.0002653877551020408,9.639134407043457,12.298828125,4.316709041595459,25.488337873718557,26074.569644814084,2015.396816184977
1760,2027.9505247159395,3700044424.0,10349941760.0,25.490475520500734,26076.75645747225,0.2536368668079376,0.00026457142857142863,9.639134407043457,12.298828125,4.188483238220215,25.490475520500734,26076.75645747225,2027.9505247159395
1770,2040.505444342969,3700044424.0,10349941760.0,25.488016610721502,26074.240992768096,0.2494431436061859,0.00026375510204081635,9.639134407043457,12.298828125,4.238432884216309,25.488016610721502,26074.240992768096,2040.505444342969
1780,2053.0595691569615,3700044424.0,10349941760.0,25.48963028018772,26075.891776632037,0.2777326703071594,0.0002629387755102041,9.639134407043457,12.298828125,4.291508197784424,25.48963028018772,26075.891776632037,2053.0595691569615
1790,2065.615506909089,3700044424.0,10349941760.0,25.48594986031807,26072.126707105384,0.24353457987308502,0.00026212244897959184,9.639134407043457,12.298828125,4.402405261993408,25.48594986031807,26072.126707105384,2065.615506909089
1800,2078.1737859870773,3700044424.0,10349941760.0,25.481198340375247,26067.265902203875,0.2460850030183792,0.0002613061224489796,9.639134407043457,12.298828125,4.306933879852295,25.481198340375247,26067.265902203875,2078.1737859870773
1810,2090.7308899171185,3700044424.0,10349941760.0,25.48358298082114,26069.705389380026,0.26299095153808594,0.0002604897959183674,9.639134407043457,12.298828125,4.290972709655762,25.48358298082114,26069.705389380026,2090.7308899171185
1820,2103.284519253997,3700044424.0,10349941760.0,25.49063632617697,26076.92096167904,0.24501094222068787,0.0002596734693877551,9.639134407043457,12.298828125,4.26214599609375,25.49063632617697,26076.92096167904,2103.284519253997
1830,2115.8396610359196,3700044424.0,10349941760.0,25.487565617200218,26073.779626395823,0.25520169734954834,0.00025885714285714287,9.639134407043457,12.298828125,4.353392124176025,25.487565617200218,26073.779626395823,2115.8396610359196
1840,2128.400528609054,3700044424.0,10349941760.0,25.475947273293563,26061.894060579318,0.2558482885360718,0.0002580408163265306,9.639134407043457,12.298828125,4.169285297393799,25.475947273293563,26061.894060579318,2128.400528609054
1850,2140.958840937121,3700044424.0,10349941760.0,25.481130874952786,26067.1968850767,0.24854832887649536,0.0002572244897959184,9.639134407043457,12.298828125,4.282614231109619,25.481130874952786,26067.1968850767,2140.958840937121
1860,2153.5165293519385,3700044424.0,10349941760.0,25.48239687348908,26068.49200157933,0.25932303071022034,0.00025640816326530613,9.639134407043457,12.298828125,4.31933069229126,25.48239687348908,26068.49200157933,2153.5165293519385
1870,2166.07532872702,3700044424.0,10349941760.0,25.480142682661896,26066.185964363118,0.23525114357471466,0.0002555918367346939,9.639134407043457,12.298828125,4.1577582359313965,25.480142682661896,26066.185964363118,2166.07532872702
1880,2178.6370739310514,3700044424.0,10349941760.0,25.47416738697277,26060.073236873144,0.31506526470184326,0.0002547755102040816,9.639134407043457,12.298828125,4.323654651641846,25.47416738697277,26060.073236873144,2178.6370739310514
1890,2191.198027817998,3700044424.0,10349941760.0,25.475772212852707,26061.71497374832,0.2385193556547165,0.0002539591836734694,9.639134407043457,12.298828125,4.24837064743042,25.475772212852707,26061.71497374832,2191.198027817998
1900,2203.757279938087,3700044424.0,10349941760.0,25.479224156042964,26065.246311631952,0.26611989736557007,0.00025314285714285716,9.639134407043457,12.298828125,4.050090312957764,25.479224156042964,26065.246311631952,2203.757279938087
1910,2216.3195697651245,3700044424.0,10349941760.0,25.473062985003693,26058.943433658776,0.26616084575653076,0.00025232653061224493,9.639134407043457,12.298828125,4.245635032653809,25.473062985003693,26058.943433658776,2216.3195697651245
1920,2228.8822972830385,3700044424.0,10349941760.0,25.472175492439103,26058.035528765202,0.24312898516654968,0.00025151020408163265,9.639134407043457,12.298828125,4.211925983428955,25.472175492439103,26058.035528765202,2228.8822972830385
1930,2241.44546622294,3700044424.0,10349941760.0,25.4712804970454,26057.119948477444,0.31051522493362427,0.0002506938775510204,9.639134407043457,12.298828125,4.083095550537109,25.4712804970454,26057.119948477444,2241.44546622294
1940,2254.005104347132,3700044424.0,10349941760.0,25.478441085306603,26064.445230268655,0.25301575660705566,0.0002498775510204082,9.639134407043457,12.298828125,4.210386753082275,25.478441085306603,26064.445230268655,2254.005104347132
1950,2266.571066566976,3700044424.0,10349941760.0,25.4656185019138,26051.327727457814,0.26067352294921875,0.00024906122448979597,9.639134407043457,12.298828125,4.269438743591309,25.4656185019138,26051.327727457814,2266.571066566976
1960,2279.128655373119,3700044424.0,10349941760.0,25.482599003676537,26068.698780761097,0.24076472222805023,0.0002482448979591837,9.639134407043457,12.298828125,4.239488124847412,25.482599003676537,26068.698780761097,2279.128655373119
1970,2291.693618332036,3700044424.0,10349941760.0,25.46764372058132,26053.39952615469,0.25174546241760254,0.00024742857142857146,9.639134407043457,12.298828125,4.199396133422852,25.46764372058132,26053.39952615469,2291.693618332036
1980,2304.2601855229586,3700044424.0,10349941760.0,25.464392553532477,26050.073582263725,0.2461925745010376,0.0002466122448979592,9.639134407043457,12.298828125,4.314691066741943,25.464392553532477,26050.073582263725,2304.2601855229586
1990,2316.82455990999,3700044424.0,10349941760.0,25.468836739718185,26054.619984731704,0.2459080070257187,0.00024579591836734695,9.639134407043457,12.298828125,4.287801265716553,25.468836739718185,26054.619984731704,2316.82455990999
2000,2329.388364278944,3700044424.0,10349941760.0,25.469992257340262,26055.802079259087,0.2312985211610794,0.0002449795918367347,9.639134407043457,12.298828125,4.192648887634277,25.469992257340262,26055.802079259087,2329.388364278944
2000.0,,,,,,,,,,,,,
2010,2344.2190340431407,3700044424.0,10349941760.0,21.576908196858973,22073.17708538673,0.2416459619998932,0.00024416326530612244,9.639134407043457,12.298828125,4.160321235656738,21.576908196858973,22073.17708538673,2344.2190340431407
2020,2356.7876013659406,3700044424.0,10349941760.0,25.460340210733953,26045.928035580833,0.32984933257102966,0.0002433469387755102,9.639134407043457,12.298828125,3.9984827041625977,25.460340210733953,26045.928035580833,2356.7876013659406
2030,2369.3538503381424,3700044424.0,10349941760.0,25.465037395636855,26050.733255736504,0.2514667809009552,0.000242530612244898,9.639134407043457,12.298828125,4.064662456512451,25.465037395636855,26050.733255736504,2369.3538503381424
2040,2381.919852632098,3700044424.0,10349941760.0,25.465537289765223,26051.244647429823,0.251926451921463,0.00024171428571428575,9.639134407043457,12.298828125,4.254885673522949,25.465537289765223,26051.244647429823,2381.919852632098
2050,2394.4840155639686,3700044424.0,10349941760.0,25.469265380845822,26055.058484605277,0.24483156204223633,0.0002408979591836735,9.639134407043457,12.298828125,4.126797676086426,25.469265380845822,26055.058484605277,2394.4840155639686
2060,2407.0463640049566,3700044424.0,10349941760.0,25.472944131681242,26058.82184670991,0.27190667390823364,0.00024008163265306124,9.639134407043457,12.298828125,4.06774377822876,25.472944131681242,26058.82184670991,2407.0463640049566
2070,2419.61628307309,3700044424.0,10349941760.0,25.45760225387972,26043.127105718955,0.23889610171318054,0.00023926530612244898,9.639134407043457,12.298828125,4.163547515869141,25.45760225387972,26043.127105718955,2419.61628307309
2080,2432.182024379028,3700044424.0,10349941760.0,25.466066204051387,26051.78572674457,0.24207048118114471,0.00023844897959183676,9.639134407043457,12.298828125,4.221444129943848,25.466066204051387,26051.78572674457,2432.182024379028
2090,2444.74631790095,3700044424.0,10349941760.0,25.46900065981955,26054.7876749954,0.24099121987819672,0.0002376326530612245,9.639134407043457,12.298828125,4.131956577301025,25.46900065981955,26054.7876749954,2444.74631790095
2100,2457.3120909009594,3700044424.0,10349941760.0,25.466001972163724,26051.72001752349,0.2380266636610031,0.00023681632653061225,9.639134407043457,12.298828125,4.205765724182129,25.466001972163724,26051.72001752349,2457.3120909009594
2110,2469.8792905600276,3700044424.0,10349941760.0,25.463111009706687,26048.76256292994,0.2431647926568985,0.000236,9.639134407043457,12.298828125,4.181332588195801,25.463111009706687,26048.76256292994,2469.8792905600276
2120,2482.4421218989883,3700044424.0,10349941760.0,25.47196498671402,26057.820181408442,0.24794511497020721,0.0002351836734693878,9.639134407043457,12.298828125,4.142984867095947,25.47196498671402,26057.820181408442,2482.4421218989883
2130,2495.0066134601366,3700044424.0,10349941760.0,25.46859922207262,26054.377004180293,0.27660468220710754,0.00023436734693877553,9.639134407043457,12.298828125,4.1519999504089355,25.46859922207262,26054.377004180293,2495.0066134601366
2140,2507.5723242019303,3700044424.0,10349941760.0,25.466128146311323,26051.849093676483,0.2792140543460846,0.00023355102040816328,9.639134407043457,12.298828125,4.134485721588135,25.466128146311323,26051.849093676483,2507.5723242019303
2150,2520.140535457991,3700044424.0,10349941760.0,25.461061521040783,26046.66593602472,0.2890433669090271,0.00023273469387755102,9.639134407043457,12.298828125,4.061868667602539,25.461061521040783,26046.66593602472,2520.140535457991
2160,2532.7092466680333,3700044424.0,10349941760.0,25.460048739470132,26045.629860477944,0.2612493932247162,0.00023191836734693877,9.639134407043457,12.298828125,4.031362056732178,25.460048739470132,26045.629860477944,2532.7092466680333
2170,2545.2789616701193,3700044424.0,10349941760.0,25.458015551418168,26043.549909100788,0.2474292516708374,0.00023110204081632657,9.639134407043457,12.298828125,4.144825458526611,25.458015551418168,26043.549909100788,2545.2789616701193
2180,2557.8467456509825,3700044424.0,10349941760.0,25.461927137454033,26047.551461615476,0.2748141586780548,0.0002302857142857143,9.639134407043457,12.298828125,4.125866889953613,25.461927137454033,26047.551461615476,2557.8467456509825
2190,2570.416827630019,3700044424.0,10349941760.0,25.457272318006982,26042.78958132114,0.2621811330318451,0.00022946938775510206,9.639134407043457,12.298828125,4.125636577606201,25.457272318006982,26042.78958132114,2570.416827630019
2200,2582.9892574450932,3700044424.0,10349941760.0,25.452518304482226,26037.926225485317,0.25590386986732483,0.0002286530612244898,9.639134407043457,12.298828125,4.280093669891357,25.452518304482226,26037.926225485317,2582.9892574450932
2210,2595.558440881083,3700044424.0,10349941760.0,25.459092201943594,26044.6513225883,0.23902179300785065,0.00022783673469387755,9.639134407043457,12.298828125,4.079132080078125,25.459092201943594,26044.6513225883,2595.558440881083
2220,2608.1278110239655,3700044424.0,10349941760.0,25.458714029612498,26044.264452293588,0.2523249387741089,0.00022702040816326532,9.639134407043457,12.298828125,4.095373630523682,25.458714029612498,26044.264452293588,2608.1278110239655
2230,2620.701217582915,3700044424.0,10349941760.0,25.450541068540442,26035.90351311687,0.29994502663612366,0.0002262040816326531,9.639134407043457,12.298828125,4.0757060050964355,25.450541068540442,26035.90351311687,2620.701217582915
2240,2633.2726353600156,3700044424.0,10349941760.0,25.454567310848176,26040.02235899768,0.24675217270851135,0.00022538775510204083,9.639134407043457,12.298828125,4.155301094055176,25.454567310848176,26040.02235899768,2633.2726353600156
2250,2645.8461425150745,3700044424.0,10349941760.0,25.45033744791318,26035.695209215184,0.2390109747648239,0.00022457142857142858,9.639134407043457,12.298828125,4.141355991363525,25.45033744791318,26035.695209215184,2645.8461425150745
2260,2658.4190898321103,3700044424.0,10349941760.0,25.45147067994249,26036.854505581166,0.25501176714897156,0.00022375510204081635,9.639134407043457,12.298828125,4.098476409912109,25.45147067994249,26036.854505581166,2658.4190898321103
2270,2670.9914008211344,3700044424.0,10349941760.0,25.452758866636888,26038.172320569538,0.2442275881767273,0.0002229387755102041,9.639134407043457,12.298828125,4.116546154022217,25.452758866636888,26038.172320569538,2670.9914008211344
2280,2683.56019665394,3700044424.0,10349941760.0,25.459877322915865,26045.45450134293,0.25021427869796753,0.00022212244897959184,9.639134407043457,12.298828125,4.06803560256958,25.459877322915865,26045.45450134293,2683.56019665394
2290,2696.132569913054,3700044424.0,10349941760.0,25.45263280089319,26038.043355313734,0.23933587968349457,0.00022130612244897958,9.639134407043457,12.298828125,4.150942325592041,25.45263280089319,26038.043355313734,2696.132569913054
2300,2708.7020171340555,3700044424.0,10349941760.0,25.458557912183224,26044.10474416344,0.24813073873519897,0.00022048979591836733,9.639134407043457,12.298828125,3.9229393005371094,25.458557912183224,26044.10474416344,2708.7020171340555
2310,2721.2762014549226,3700044424.0,10349941760.0,25.44896685417239,26034.293091818352,0.2431839108467102,0.00021967346938775513,9.639134407043457,12.298828125,4.110223770141602,25.44896685417239,26034.293091818352,2721.2762014549226
2320,2733.8500055661425,3700044424.0,10349941760.0,25.449736386019836,26035.080322898295,0.2484436333179474,0.00021885714285714287,9.639134407043457,12.298828125,4.256003379821777,25.449736386019836,26035.080322898295,2733.8500055661425
2330,2746.4251654129475,3700044424.0,10349941760.0,25.446992634555038,26032.273465149803,0.24120816588401794,0.00021804081632653062,9.639134407043457,12.298828125,4.14757776260376,25.446992634555038,26032.273465149803,2746.4251654129475
2340,2759.0007828390226,3700044424.0,10349941760.0,25.446066714505225,26031.326248938847,0.28252899646759033,0.00021722448979591836,9.639134407043457,12.298828125,4.00172758102417,25.446066714505225,26031.326248938847,2759.0007828390226
2350,2771.577013126109,3700044424.0,10349941760.0,25.444826684558166,26030.057698303,0.23388944566249847,0.00021640816326530616,9.639134407043457,12.298828125,4.059473514556885,25.444826684558166,26030.057698303,2771.577013126109
2360,2784.1479935429525,3700044424.0,10349941760.0,25.455452907335438,26040.928324204153,0.23824043571949005,0.0002155918367346939,9.639134407043457,12.298828125,4.074512004852295,25.455452907335438,26040.928324204153,2784.1479935429525
2370,2796.7226834690664,3700044424.0,10349941760.0,25.447943597834097,26033.246300584284,0.24245765805244446,0.00021477551020408165,9.639134407043457,12.298828125,4.120034217834473,25.447943597834097,26033.246300584284,2796.7226834690664
2380,2809.2989550540224,3700044424.0,10349941760.0,25.444743129020157,26029.97222098762,0.2516366243362427,0.0002139591836734694,9.639134407043457,12.298828125,4.0932512283325195,25.444743129020157,26029.97222098762,2809.2989550540224
2390,2821.873750602128,3700044424.0,10349941760.0,25.447729847838986,26033.027634339283,0.25936266779899597,0.00021314285714285714,9.639134407043457,12.298828125,4.10934591293335,25.447729847838986,26033.027634339283,2821.873750602128
2400,2834.4482391469646,3700044424.0,10349941760.0,25.44835114835736,26033.66322476958,0.2365533858537674,0.0002123265306122449,9.639134407043457,12.298828125,4.215559482574463,25.44835114835736,26033.66322476958,2834.4482391469646
2410,2847.021829304984,3700044424.0,10349941760.0,25.450169440739216,26035.523337876217,0.241631880402565,0.00021151020408163266,9.639134407043457,12.298828125,4.135581016540527,25.450169440739216,26035.523337876217,2847.021829304984
2420,2859.5968459399883,3700044424.0,10349941760.0,25.447282440106868,26032.569936229324,0.26306891441345215,0.0002106938775510204,9.639134407043457,12.298828125,4.023333549499512,25.447282440106868,26032.569936229324,2859.5968459399883
2430,2872.1747235460207,3700044424.0,10349941760.0,25.441494187105647,26026.648553409075,0.2474644035100937,0.00020987755102040817,9.639134407043457,12.298828125,4.033161640167236,25.441494187105647,26026.648553409075,2872.1747235460207
2440,2884.7526678610593,3700044424.0,10349941760.0,25.44135925434151,26026.510517191364,0.24497178196907043,0.00020906122448979594,9.639134407043457,12.298828125,4.064820766448975,25.44135925434151,26026.510517191364,2884.7526678610593
2450,2897.330490739085,3700044424.0,10349941760.0,25.44160488688923,26026.76179928768,0.23761464655399323,0.0002082448979591837,9.639134407043457,12.298828125,4.142535209655762,25.44160488688923,26026.76179928768,2897.330490739085
2460,2909.9091874500737,3700044424.0,10349941760.0,25.439837476997493,26024.953738968437,0.4838017523288727,0.00020742857142857143,9.639134407043457,12.298828125,4.088765621185303,25.439837476997493,26024.953738968437,2909.9091874500737
2470,2922.491548285121,3700044424.0,10349941760.0,25.432429112083522,26017.374981661444,0.281501442193985,0.00020661224489795918,9.639134407043457,12.298828125,3.9315080642700195,25.432429112083522,26017.374981661444,2922.491548285121
2480,2935.068791558966,3700044424.0,10349941760.0,25.44277732668631,26027.961205200096,0.2573096752166748,0.00020579591836734692,9.639134407043457,12.298828125,3.993901491165161,25.44277732668631,26027.961205200096,2935.068791558966
2490,2947.6484760320745,3700044424.0,10349941760.0,25.437839930251165,26022.910248646942,0.28224655985832214,0.00020497959183673472,9.639134407043457,12.298828125,3.9553987979888916,25.437839930251165,26022.910248646942,2947.6484760320745
2500,2960.223751937039,3700044424.0,10349941760.0,25.44675778236131,26032.033211355618,0.24123930931091309,0.00020416326530612247,9.639134407043457,12.298828125,4.098343372344971,25.44675778236131,26032.033211355618,2960.223751937039
2500.0,,,,,,,,,,,,,
2510,2975.0724191819318,3700044424.0,10349941760.0,21.550755682134977,22046.42306282408,0.32362377643585205,0.0002033469387755102,9.639134407043457,12.298828125,4.052579879760742,21.550755682134977,22046.42306282408,2975.0724191819318
2520,2987.655718747992,3700044424.0,10349941760.0,25.430531818784996,26015.43405061705,0.23443014919757843,0.00020253061224489796,9.639134407043457,12.298828125,3.9198555946350098,25.430531818784996,26015.43405061705,2987.655718747992
2530,3000.2373065869324,3700044424.0,10349941760.0,25.43399164687244,26018.973454750503,0.23092219233512878,0.00020171428571428575,9.639134407043457,12.298828125,4.175669193267822,25.43399164687244,26018.973454750503,3000.2373065869324
2540,3012.818333867006,3700044424.0,10349941760.0,25.43512488100476,26020.13275326787,0.24019326269626617,0.0002008979591836735,9.639134407043457,12.298828125,4.07316780090332,25.43512488100476,26020.13275326787,3012.818333867006
2550,3025.3958800160326,3700044424.0,10349941760.0,25.44216464868748,26027.334435607292,0.230721116065979,0.00020008163265306124,9.639134407043457,12.298828125,3.983152389526367,25.44216464868748,26027.334435607292,3025.3958800160326
2560,3037.9785516581032,3700044424.0,10349941760.0,25.431800900698065,26016.73232141412,0.25143352150917053,0.000199265306122449,9.639134407043457,12.298828125,3.960446834564209,25.431800900698065,26016.73232141412,3037.9785516581032
2570,3050.5580251030624,3700044424.0,10349941760.0,25.438266665146507,26023.346798444876,0.24741922318935394,0.00019844897959183676,9.639134407043457,12.298828125,3.8942019939422607,25.438266665146507,26023.346798444876,3050.5580251030624
2580,3063.1377832600847,3700044424.0,10349941760.0,25.43769093218767,26022.757823627988,0.2683347463607788,0.0001976326530612245,9.639134407043457,12.298828125,4.147284507751465,25.43769093218767,26022.757823627988,3063.1377832600847
2590,3075.719962699106,3700044424.0,10349941760.0,25.43279576887768,26017.750071561866,0.23886309564113617,0.00019681632653061225,9.639134407043457,12.298828125,4.050425052642822,25.43279576887768,26017.750071561866,3075.719962699106
2600,3088.3049707680475,3700044424.0,10349941760.0,25.42707944619647,26011.90227345899,0.23721948266029358,0.000196,9.639134407043457,12.298828125,4.0764288902282715,25.42707944619647,26011.90227345899,3088.3049707680475
2610,3100.8847896379884,3700044424.0,10349941760.0,25.43756816440573,26022.632232187058,0.2433592677116394,0.00019518367346938777,9.639134407043457,12.298828125,4.097583770751953,25.43756816440573,26022.632232187058,3100.8847896379884
2620,3113.468247680925,3700044424.0,10349941760.0,25.43021154503939,26015.106410575296,0.24133047461509705,0.0001943673469387755,9.639134407043457,12.298828125,4.019388198852539,25.43021154503939,26015.106410575296,3113.468247680925
2630,3126.0552627670113,3700044424.0,10349941760.0,25.423025062846243,26007.754639291707,0.2435682713985443,0.00019355102040816325,9.639134407043457,12.298828125,4.082805156707764,25.423025062846243,26007.754639291707,3126.0552627670113
2640,3138.640718759969,3700044424.0,10349941760.0,25.42617448100902,26010.976494072227,0.25173765420913696,0.00019273469387755103,9.639134407043457,12.298828125,4.117588043212891,25.42617448100902,26010.976494072227,3138.640718759969
2650,3151.2260197459254,3700044424.0,10349941760.0,25.426487642772727,26011.2968585565,0.25077182054519653,0.00019191836734693877,9.639134407043457,12.298828125,4.091699600219727,25.426487642772727,26011.2968585565,3151.2260197459254
2660,3163.8111504530534,3700044424.0,10349941760.0,25.426831667211705,26011.648795557576,0.2673496901988983,0.00019110204081632654,9.639134407043457,12.298828125,4.008474826812744,25.426831667211705,26011.648795557576,3163.8111504530534
2670,3176.395878984127,3700044424.0,10349941760.0,25.427644244360696,26012.48006198099,0.2762364447116852,0.0001902857142857143,9.639134407043457,12.298828125,4.047316074371338,25.427644244360696,26012.48006198099,3176.395878984127
2680,3188.981956542004,3700044424.0,10349941760.0,25.42491880639456,26009.691938941636,0.23542842268943787,0.00018946938775510206,9.639134407043457,12.298828125,4.021209716796875,25.42491880639456,26009.691938941636,3188.981956542004
2690,3201.5646073080134,3700044424.0,10349941760.0,25.431843094973434,26016.77548615782,0.24291054904460907,0.0001886530612244898,9.639134407043457,12.298828125,3.8978829383850098,25.431843094973434,26016.77548615782,3201.5646073080134
2700,3214.149457735941,3700044424.0,10349941760.0,25.42739795221385,26012.228105114766,0.2314140498638153,0.00018783673469387758,9.639134407043457,12.298828125,4.003011226654053,25.42739795221385,26012.228105114766,3214.149457735941
2710,3226.7350477480795,3700044424.0,10349941760.0,25.425903727307368,26010.699513035437,0.23748576641082764,0.00018702040816326532,9.639134407043457,12.298828125,3.977830648422241,25.425903727307368,26010.699513035437,3226.7350477480795
2720,3239.3202160710935,3700044424.0,10349941760.0,25.426755668800265,26011.571049182672,0.2451092153787613,0.00018620408163265307,9.639134407043457,12.298828125,4.146667003631592,25.426755668800265,26011.571049182672,3239.3202160710935
2730,3251.9070515169296,3700044424.0,10349941760.0,25.423387902148054,26008.12582389746,0.23595429956912994,0.00018538775510204084,9.639134407043457,12.298828125,4.058503150939941,25.423387902148054,26008.12582389746,3251.9070515169296
2740,3264.4938894021325,3700044424.0,10349941760.0,25.42338297501979,26008.120783445247,0.24158816039562225,0.00018457142857142858,9.639134407043457,12.298828125,3.986384153366089,25.42338297501979,26008.120783445247,3264.4938894021325
2750,3277.083745384123,3700044424.0,10349941760.0,25.417288367535555,26001.88599998887,0.24032166600227356,0.00018375510204081635,9.639134407043457,12.298828125,4.002255439758301,25.417288367535555,26001.88599998887,3277.083745384123
2760,3289.671777226962,3700044424.0,10349941760.0,25.420971601850553,26005.653948693114,0.2435232698917389,0.0001829387755102041,9.639134407043457,12.298828125,4.0184526443481445,25.420971601850553,26005.653948693114,3289.671777226962
2770,3302.257134923013,3700044424.0,10349941760.0,25.426373070064937,26011.17965067643,0.2525712251663208,0.00018212244897959184,9.639134407043457,12.298828125,4.045326232910156,25.426373070064937,26011.17965067643,3302.257134923013
2780,3314.8472367629874,3700044424.0,10349941760.0,25.416792021806835,26001.378238308393,0.23997919261455536,0.0001813061224489796,9.639134407043457,12.298828125,4.048654556274414,25.416792021806835,26001.378238308393,3314.8472367629874
2790,3327.4376024079975,3700044424.0,10349941760.0,25.416259465572114,26000.833433280273,0.23715566098690033,0.00018048979591836736,9.639134407043457,12.298828125,3.938337802886963,25.416259465572114,26000.833433280273,3327.4376024079975
2800,3340.0306542059407,3700044424.0,10349941760.0,25.41083806645386,25995.287341982297,0.24871909618377686,0.0001796734693877551,9.639134407043457,12.298828125,4.011804580688477,25.41083806645386,25995.287341982297,3340.0306542059407
2810,3352.620602253126,3700044424.0,10349941760.0,25.417102501192694,26001.695858720126,0.2519453465938568,0.00017885714285714285,9.639134407043457,12.298828125,4.23335075378418,25.417102501192694,26001.695858720126,3352.620602253126
2820,3365.216726425104,3700044424.0,10349941760.0,25.404640001238818,25988.94672126731,0.2406187504529953,0.00017804081632653062,9.639134407043457,12.298828125,3.976076602935791,25.404640001238818,25988.94672126731,3365.216726425104
2830,3377.811379522085,3700044424.0,10349941760.0,25.40760730255419,25991.982270512937,0.25356972217559814,0.00017722448979591836,9.639134407043457,12.298828125,4.141866207122803,25.40760730255419,25991.982270512937,3377.811379522085
2840,3390.407286876114,3700044424.0,10349941760.0,25.405077300576174,25989.394078489426,0.2388714849948883,0.00017640816326530614,9.639134407043457,12.298828125,3.9626736640930176,25.405077300576174,25989.394078489426,3390.407286876114
2850,3403.0005725210067,3700044424.0,10349941760.0,25.41036620810557,25994.804630892002,0.24478799104690552,0.00017559183673469388,9.639134407043457,12.298828125,4.060586929321289,25.41036620810557,25994.804630892002,3403.0005725210067
2860,3415.5957294409163,3700044424.0,10349941760.0,25.406590964671818,25990.942556859267,0.24360233545303345,0.00017477551020408165,9.639134407043457,12.298828125,3.983682870864868,25.406590964671818,25990.942556859267,3415.5957294409163
2870,3428.19559155195,3700044424.0,10349941760.0,25.397103331771515,25981.23670840226,0.2382499724626541,0.0001739591836734694,9.639134407043457,12.298828125,3.9841830730438232,25.397103331771515,25981.23670840226,3428.19559155195
2880,3440.795931925066,3700044424.0,10349941760.0,25.39613935213684,25980.250557235984,0.2378816306591034,0.00017314285714285717,9.639134407043457,12.298828125,4.003813743591309,25.39613935213684,25980.250557235984,3440.795931925066
2890,3453.385544216959,3700044424.0,10349941760.0,25.41778035579874,26002.389303982112,0.2558598220348358,0.00017232653061224491,9.639134407043457,12.298828125,3.8900809288024902,25.41778035579874,26002.389303982112,3453.385544216959
2900,3465.983532384038,3700044424.0,10349941760.0,25.400881137213496,25985.101403369405,0.2540571689605713,0.00017151020408163266,9.639134407043457,12.298828125,3.9447429180145264,25.400881137213496,25985.101403369405,3465.983532384038
2910,3478.580160122132,3700044424.0,10349941760.0,25.403624418643048,25987.90778027184,0.23854294419288635,0.00017069387755102043,9.639134407043457,12.298828125,3.982436418533325,25.403624418643048,25987.90778027184,3478.580160122132
2920,3491.17400763114,3700044424.0,10349941760.0,25.40923254558356,25993.644894131983,0.2419215887784958,0.00016987755102040818,9.639134407043457,12.298828125,3.9792816638946533,25.40923254558356,25993.644894131983,3491.17400763114
2930,3503.772005077917,3700044424.0,10349941760.0,25.400862426897806,25985.082262716456,0.23048081994056702,0.00016906122448979592,9.639134407043457,12.298828125,3.864710807800293,25.400862426897806,25985.082262716456,3503.772005077917
2940,3516.3697932709474,3700044424.0,10349941760.0,25.401284344266063,25985.513884184184,0.23723441362380981,0.0001682448979591837,9.639134407043457,12.298828125,4.032065391540527,25.401284344266063,25985.513884184184,3516.3697932709474
2950,3528.9654659519438,3700044424.0,10349941760.0,25.405550628732833,25989.878293193688,0.2497759610414505,0.00016742857142857144,9.639134407043457,12.298828125,3.9774832725524902,25.405550628732833,25989.878293193688,3528.9654659519438
2960,3541.5610734419897,3700044424.0,10349941760.0,25.405682119968365,25990.01280872764,0.2405204176902771,0.00016661224489795918,9.639134407043457,12.298828125,3.8306572437286377,25.405682119968365,25990.01280872764,3541.5610734419897
2970,3554.1604198890273,3700044424.0,10349941760.0,25.398142780274224,25982.30006422053,0.23822583258152008,0.00016579591836734693,9.639134407043457,12.298828125,4.0288872718811035,25.398142780274224,25982.30006422053,3554.1604198890273
2980,3566.7619345129933,3700044424.0,10349941760.0,25.39377285579712,25977.829631480454,0.24045220017433167,0.0001649795918367347,9.639134407043457,12.298828125,4.039178371429443,25.39377285579712,25977.829631480454,3566.7619345129933
2990,3579.3634513530415,3700044424.0,10349941760.0,25.39376839008991,25977.825063061977,0.24405725300312042,0.00016416326530612244,9.639134407043457,12.298828125,4.142854690551758,25.39376839008991,25977.825063061977,3579.3634513530415
3000,3591.962512457045,3700044424.0,10349941760.0,25.398717996400563,25982.888510317778,0.24727459251880646,0.00016334693877551021,9.639134407043457,12.298828125,3.9569976329803467,25.398717996400563,25982.888510317778,3591.962512457045
3000.0,,,,,,,,,,,,,
3010,3606.8118538570125,3700044424.0,10349941760.0,21.549777285118967,22045.422162676703,0.24463501572608948,0.00016253061224489796,9.639134407043457,12.298828125,4.004305362701416,21.549777285118967,22045.422162676703,3606.8118538570125
3020,3619.4142571310513,3700044424.0,10349941760.0,25.39198223081832,25975.99782212714,0.2403033822774887,0.00016171428571428573,9.639134407043457,12.298828125,3.914083957672119,25.39198223081832,25975.99782212714,3619.4142571310513
3030,3632.0150962839834,3700044424.0,10349941760.0,25.395134095139785,25979.222179328,0.23975515365600586,0.00016089795918367347,9.639134407043457,12.298828125,3.9714229106903076,25.395134095139785,25979.222179328,3632.0150962839834
3040,3644.6173420399427,3700044424.0,10349941760.0,25.39229961046265,25976.322501503295,0.3025517463684082,0.00016008163265306125,9.639134407043457,12.298828125,3.8928897380828857,25.39229961046265,25976.322501503295,3644.6173420399427
3050,3657.220249629114,3700044424.0,10349941760.0,25.390966150934624,25974.95837240612,0.24448908865451813,0.000159265306122449,9.639134407043457,12.298828125,3.887228488922119,25.390966150934624,25974.95837240612,3657.220249629114
3060,3669.82443871093,3700044424.0,10349941760.0,25.388384601565708,25972.317447401718,0.24545346200466156,0.00015844897959183674,9.639134407043457,12.298828125,3.9337189197540283,25.388384601565708,25972.317447401718,3669.82443871093
3070,3682.4267280199565,3700044424.0,10349941760.0,25.392211855570782,25976.23272824891,0.2460331916809082,0.0001576326530612245,9.639134407043457,12.298828125,3.892338991165161,25.392211855570782,25976.23272824891,3682.4267280199565
3080,3695.0358682360966,3700044424.0,10349941760.0,25.378415539418814,25962.119096825445,0.23986388742923737,0.00015681632653061225,9.639134407043457,12.298828125,4.011940956115723,25.378415539418814,25962.119096825445,3695.0358682360966
3090,3707.6436789571308,3700044424.0,10349941760.0,25.381091696287083,25964.856805301686,0.2489176243543625,0.00015600000000000002,9.639134407043457,12.298828125,4.157207012176514,25.381091696287083,25964.856805301686,3707.6436789571308
3100,3720.251267149113,3700044424.0,10349941760.0,25.38153968286338,25965.315095569236,0.24354451894760132,0.00015518367346938777,9.639134407043457,12.298828125,3.9391393661499023,25.38153968286338,25965.315095569236,3720.251267149113
3110,3732.854940293124,3700044424.0,10349941760.0,25.389423888072,25973.380637497656,0.2574916481971741,0.00015436734693877551,9.639134407043457,12.298828125,3.9247467517852783,25.389423888072,25973.380637497656,3732.854940293124
3120,3745.4612934950273,3700044424.0,10349941760.0,25.384026202889824,25967.85880555629,0.24933220446109772,0.00015355102040816326,9.639134407043457,12.298828125,3.993122100830078,25.384026202889824,25967.85880555629,3745.4612934950273
3130,3758.0664253549185,3700044424.0,10349941760.0,25.386485723185775,25970.374894819048,0.2454497516155243,0.00015273469387755103,9.639134407043457,12.298828125,3.9985859394073486,25.386485723185775,25970.374894819048,3758.0664253549185
3140,3770.672835204983,3700044424.0,10349941760.0,25.383912137233786,25967.742116390164,0.23494853079319,0.00015191836734693877,9.639134407043457,12.298828125,4.051173686981201,25.383912137233786,25967.742116390164,3770.672835204983
3150,3783.275695515098,3700044424.0,10349941760.0,25.391061403987113,25975.055816278815,0.27177372574806213,0.00015110204081632652,9.639134407043457,12.298828125,3.9894819259643555,25.391061403987113,25975.055816278815,3783.275695515098
3160,3795.886132542044,3700044424.0,10349941760.0,25.375805716822242,25959.449248309156,0.23907728493213654,0.0001502857142857143,9.639134407043457,12.298828125,4.054102420806885,25.375805716822242,25959.449248309156,3795.886132542044
3170,3808.4964556191117,3700044424.0,10349941760.0,25.376035018637232,25959.683824065887,0.25079959630966187,0.00014946938775510204,9.639134407043457,12.298828125,3.9036481380462646,25.376035018637232,25959.683824065887,3808.4964556191117
3180,3821.10963771306,3700044424.0,10349941760.0,25.370283059144747,25953.799569505078,0.2395520806312561,0.0001486530612244898,9.639134407043457,12.298828125,3.872889995574951,25.370283059144747,25953.799569505078,3821.10963771306
3190,3833.7229239880107,3700044424.0,10349941760.0,25.370073510144316,25953.585200877635,0.23176823556423187,0.00014783673469387755,9.639134407043457,12.298828125,3.8755955696105957,25.370073510144316,25953.585200877635,3833.7229239880107
3200,3846.3320781479124,3700044424.0,10349941760.0,25.37838747484198,25962.090386763342,0.24149027466773987,0.00014702040816326532,9.639134407043457,12.298828125,3.9495160579681396,25.37838747484198,25962.090386763342,3846.3320781479124
3210,3858.944526806008,3700044424.0,10349941760.0,25.371758385283776,25955.308828145302,0.2426452934741974,0.00014620408163265307,9.639134407043457,12.298828125,3.97932505607605,25.371758385283776,25955.308828145302,3858.944526806008
3220,3871.551324177999,3700044424.0,10349941760.0,25.383131857973435,25966.943890706825,0.25278177857398987,0.0001453877551020408,9.639134407043457,12.298828125,4.015142917633057,25.383131857973435,25966.943890706825,3871.551324177999
3230,3884.160498713143,3700044424.0,10349941760.0,25.378346465750024,25962.048434462275,0.2459040731191635,0.00014457142857142859,9.639134407043457,12.298828125,3.9218156337738037,25.378346465750024,25962.048434462275,3884.160498713143
3240,3896.7699800010305,3700044424.0,10349941760.0,25.37772908290782,25961.4168518147,0.2376527637243271,0.00014375510204081633,9.639134407043457,12.298828125,3.7831685543060303,25.37772908290782,25961.4168518147,3896.7699800010305
3250,3909.380910394946,3700044424.0,10349941760.0,25.374812960222975,25958.433658308106,0.2377678006887436,0.0001429387755102041,9.639134407043457,12.298828125,3.8297007083892822,25.374812960222975,25958.433658308106,3909.380910394946
3260,3921.9902312729973,3700044424.0,10349941760.0,25.378051926413995,25961.747120721517,0.24897229671478271,0.00014212244897959185,9.639134407043457,12.298828125,3.8561999797821045,25.378051926413995,25961.747120721517,3921.9902312729973
3270,3934.6032948920038,3700044424.0,10349941760.0,25.37052136308875,25954.04335443979,0.24291051924228668,0.00014130612244897962,9.639134407043457,12.298828125,3.942598581314087,25.37052136308875,25954.04335443979,3934.6032948920038
3280,3947.2190970610827,3700044424.0,10349941760.0,25.36501410780779,25948.40943228737,0.25285235047340393,0.00014048979591836736,9.639134407043457,12.298828125,3.9583311080932617,25.36501410780779,25948.40943228737,3947.2190970610827
3290,3959.8303919809405,3700044424.0,10349941760.0,25.374079508372112,25957.68333706467,0.25002577900886536,0.0001396734693877551,9.639134407043457,12.298828125,3.835632562637329,25.374079508372112,25957.68333706467,3959.8303919809405
3300,3972.4474766049534,3700044424.0,10349941760.0,25.362435898303602,25945.771923964585,0.24054555594921112,0.00013885714285714285,9.639134407043457,12.298828125,3.899028778076172,25.362435898303602,25945.771923964585,3972.4474766049534
3310,3985.061016635038,3700044424.0,10349941760.0,25.36956312318097,25953.06307501413,0.24445044994354248,0.0001380408163265306,9.639134407043457,12.298828125,3.978174924850464,25.36956312318097,25953.06307501413,3985.061016635038
3320,3997.671092675999,3700044424.0,10349941760.0,25.376532144656043,25960.192383983132,0.23995468020439148,0.00013722448979591837,9.639134407043457,12.298828125,4.029335021972656,25.376532144656043,25960.192383983132,3997.671092675999
3330,4010.285888229031,3700044424.0,10349941760.0,25.367038146177432,25950.480023539512,0.24655978381633759,0.0001364081632653061,9.639134407043457,12.298828125,4.065832614898682,25.367038146177432,25950.480023539512,4010.285888229031
3340,4022.8991270989645,3700044424.0,10349941760.0,25.370168859863142,25953.682743639994,0.2392282336950302,0.00013559183673469388,9.639134407043457,12.298828125,3.9174227714538574,25.370168859863142,25953.682743639994,4022.8991270989645
3350,4035.510945335962,3700044424.0,10349941760.0,25.373026631581578,25956.606244107952,0.24479320645332336,0.00013477551020408163,9.639134407043457,12.298828125,3.7281389236450195,25.373026631581578,25956.606244107952,4035.510945335962
3360,4048.123747464968,3700044424.0,10349941760.0,25.37104734752693,25954.581436520046,0.24158214032649994,0.0001339591836734694,9.639134407043457,12.298828125,3.861163854598999,25.37104734752693,25954.581436520046,4048.123747464968
3370,4060.735828828998,3700044424.0,10349941760.0,25.372497271754703,25956.064709005062,0.2601725459098816,0.00013314285714285715,9.639134407043457,12.298828125,3.8453078269958496,25.372497271754703,25956.064709005062,4060.735828828998
3380,4073.3473254470155,3700044424.0,10349941760.0,25.37367369569988,25957.268190700976,0.23569408059120178,0.00013232653061224492,9.639134407043457,12.298828125,3.818502426147461,25.37367369569988,25957.268190700976,4073.3473254470155
3390,4085.9628601700533,3700044424.0,10349941760.0,25.365551839481853,25948.959531789933,0.24833345413208008,0.00013151020408163266,9.639134407043457,12.298828125,3.8158481121063232,25.365551839481853,25948.959531789933,4085.9628601700533
3400,4098.577727634925,3700044424.0,10349941760.0,25.366893539792336,25950.332091207558,0.24493999779224396,0.0001306938775510204,9.639134407043457,12.298828125,3.8448798656463623,25.366893539792336,25950.332091207558,4098.577727634925
3410,4111.1926670579705,3700044424.0,10349941760.0,25.3667488418866,25950.184065249992,0.23999160528182983,0.00012987755102040818,9.639134407043457,12.298828125,3.8663442134857178,25.3667488418866,25950.184065249992,4111.1926670579705
3420,4123.812081964919,3700044424.0,10349941760.0,25.35775250751078,25940.98081518353,0.24953407049179077,0.00012906122448979592,9.639134407043457,12.298828125,3.822234869003296,25.35775250751078,25940.98081518353,4123.812081964919
3430,4136.432035394013,3700044424.0,10349941760.0,25.356670434479067,25939.873854472084,0.25089484453201294,0.0001282448979591837,9.639134407043457,12.298828125,3.9592232704162598,25.356670434479067,25939.873854472084,4136.432035394013
3440,4149.050719819032,3700044424.0,10349941760.0,25.35922044025006,25942.482510375812,0.24130327999591827,0.00012742857142857144,9.639134407043457,12.298828125,3.9170899391174316,25.35922044025006,25942.482510375812,4149.050719819032
3450,4161.666955848923,3700044424.0,10349941760.0,25.364141828183374,25947.51709023159,0.239101842045784,0.00012661224489795918,9.639134407043457,12.298828125,3.850273847579956,25.364141828183374,25947.51709023159,4161.666955848923
3460,4174.284738477087,3700044424.0,10349941760.0,25.36103287163464,25944.336627682238,0.2399892956018448,0.00012579591836734696,9.639134407043457,12.298828125,3.801011800765991,25.36103287163464,25944.336627682238,4174.284738477087
3470,4186.90134332492,3700044424.0,10349941760.0,25.36340036479382,25946.758573184074,0.23882929980754852,0.0001249795918367347,9.639134407043457,12.298828125,3.7523951530456543,25.36340036479382,25946.758573184074,4186.90134332492
3480,4199.518592890119,3700044424.0,10349941760.0,25.362104343455815,25945.4327433553,0.2400648146867752,0.00012416326530612245,9.639134407043457,12.298828125,3.91654634475708,25.362104343455815,25945.4327433553,4199.518592890119
3490,4212.137401795015,3700044424.0,10349941760.0,25.35897028093148,25942.226597392906,0.23818227648735046,0.0001233469387755102,9.639134407043457,12.298828125,3.8855326175689697,25.35897028093148,25942.226597392906,4212.137401795015
3500,4224.757221258944,3700044424.0,10349941760.0,25.356939607150963,25940.149218115435,0.25222164392471313,0.00012253061224489796,9.639134407043457,12.298828125,3.879162549972534,25.356939607150963,25940.149218115435,4224.757221258944
3500.0,,,,,,,,,,,,,
3510,4239.644929219969,3700044424.0,10349941760.0,21.494242151830502,21988.609721322602,0.24159632623195648,0.00012171428571428572,9.639134407043457,12.298828125,3.8865809440612793,21.494242151830502,21988.609721322602,4239.644929219969
3520,4252.2646405000705,3700044424.0,10349941760.0,25.357156982232944,25940.371592824304,0.2374056726694107,0.00012089795918367348,9.639134407043457,12.298828125,3.8160018920898438,25.357156982232944,25940.371592824304,4252.2646405000705
3530,4264.8848036250565,3700044424.0,10349941760.0,25.356249109526082,25939.442839045183,0.23580482602119446,0.00012008163265306122,9.639134407043457,12.298828125,3.8599860668182373,25.356249109526082,25939.442839045183,4264.8848036250565
3540,4277.501637890935,3700044424.0,10349941760.0,25.362939169726868,25946.286770630584,0.3242475688457489,0.000119265306122449,9.639134407043457,12.298828125,3.7786977291107178,25.362939169726868,25946.286770630584,4277.501637890935
3550,4290.121660382021,3700044424.0,10349941760.0,25.356531672270883,25939.731900733113,0.23873844742774963,0.00011844897959183674,9.639134407043457,12.298828125,3.9571919441223145,25.356531672270883,25939.731900733113,4290.121660382021
3560,4302.740024724044,3700044424.0,10349941760.0,25.35986371342206,25943.14057883077,0.24177947640419006,0.00011763265306122448,9.639134407043457,12.298828125,3.8049468994140625,25.35986371342206,25943.14057883077,4302.740024724044
3570,4315.362239493988,3700044424.0,10349941760.0,25.35212764418885,25935.226580005194,0.24116387963294983,0.00011681632653061226,9.639134407043457,12.298828125,3.9027299880981445,25.35212764418885,25935.226580005194,4315.362239493988
3580,4327.983154975111,3700044424.0,10349941760.0,25.354737576576074,25937.896540837322,0.23657099902629852,0.000116,9.639134407043457,12.298828125,3.8620617389678955,25.354737576576074,25937.896540837322,4327.983154975111
3590,4340.6050762680825,3700044424.0,10349941760.0,25.352717115910355,25935.829609576293,0.23645828664302826,0.00011518367346938776,9.639134407043457,12.298828125,3.817427158355713,25.352717115910355,25935.829609576293,4340.6050762680825
3600,4353.225795588922,3700044424.0,10349941760.0,25.35513165811536,25938.299686252016,0.24037747085094452,0.0001143673469387755,9.639134407043457,12.298828125,3.9330861568450928,25.35513165811536,25938.299686252016,4353.225795588922
3610,4365.841356656048,3700044424.0,10349941760.0,25.365498870585142,25948.905344608604,0.23613877594470978,0.00011355102040816328,9.639134407043457,12.298828125,3.803659439086914,25.365498870585142,25948.905344608604,4365.841356656048
3620,4378.460669965949,3700044424.0,10349941760.0,25.35795666068014,25941.189663875786,0.24222370982170105,0.00011273469387755102,9.639134407043457,12.298828125,3.860969305038452,25.35795666068014,25941.189663875786,4378.460669965949
3630,4391.080759556033,3700044424.0,10349941760.0,25.356396855648228,25939.593983328137,0.2411663681268692,0.00011191836734693879,9.639134407043457,12.298828125,3.8778576850891113,25.356396855648228,25939.593983328137,4391.080759556033
3640,4403.702117497101,3700044424.0,10349941760.0,25.353848729600653,25936.98725038147,0.23880569636821747,0.00011110204081632654,9.639134407043457,12.298828125,3.8681769371032715,25.353848729600653,25936.98725038147,4403.702117497101
3650,4416.326570370933,3700044424.0,10349941760.0,25.34763313690264,25930.6286990514,0.2398216873407364,0.00011028571428571428,9.639134407043457,12.298828125,3.858833074569702,25.34763313690264,25930.6286990514,4416.326570370933
3660,4428.950452297926,3700044424.0,10349941760.0,25.348779547419777,25931.80147701043,0.23894426226615906,0.00010946938775510205,9.639134407043457,12.298828125,3.8745086193084717,25.348779547419777,25931.80147701043,4428.950452297926
3670,4441.573808111949,3700044424.0,10349941760.0,25.349836027320144,25932.882255948505,0.2331814467906952,0.0001086530612244898,9.639134407043457,12.298828125,3.893265962600708,25.349836027320144,25932.882255948505,4441.573808111949
3680,4454.199308107141,3700044424.0,10349941760.0,25.345530879715522,25928.478089948978,0.24200209975242615,0.00010783673469387756,9.639134407043457,12.298828125,3.825075626373291,25.345530879715522,25928.478089948978,4454.199308107141
3690,4466.824540497037,3700044424.0,10349941760.0,25.34606810533767,25929.02767176044,0.2518012523651123,0.0001070204081632653,9.639134407043457,12.298828125,3.8239519596099854,25.34606810533767,25929.02767176044,4466.824540497037
3700,4479.445936352946,3700044424.0,10349941760.0,25.35377256630289,25936.909335327855,0.2414121925830841,0.00010620408163265307,9.639134407043457,12.298828125,3.8832874298095703,25.35377256630289,25936.909335327855,4479.445936352946
3710,4492.069269254105,3700044424.0,10349941760.0,25.349882040313762,25932.929327240978,0.23163627088069916,0.00010538775510204082,9.639134407043457,12.298828125,3.842331886291504,25.349882040313762,25932.929327240978,4492.069269254105
3720,4504.695316363126,3700044424.0,10349941760.0,25.344432603246908,25927.354553121586,0.23906494677066803,0.00010457142857142859,9.639134407043457,12.298828125,3.8203611373901367,25.344432603246908,25927.354553121586,4504.695316363126
3730,4517.321533801034,3700044424.0,10349941760.0,25.34409070441436,25927.00479061589,0.2388148158788681,0.00010375510204081633,9.639134407043457,12.298828125,3.8850510120391846,25.34409070441436,25927.00479061589,4517.321533801034
3740,4529.945617424091,3700044424.0,10349941760.0,25.348374547799782,25931.38716239918,0.23716066777706146,0.00010293877551020408,9.639134407043457,12.298828125,3.8485984802246094,25.348374547799782,25931.38716239918,4529.945617424091
3750,4542.568678688025,3700044424.0,10349941760.0,25.350427547578665,25933.487381172974,0.24296316504478455,0.00010212244897959185,9.639134407043457,12.298828125,3.8939144611358643,25.350427547578665,25933.487381172974,4542.568678688025
3760,4555.186354022939,3700044424.0,10349941760.0,25.361248526861846,25944.557242979667,0.23635642230510712,0.0001013061224489796,9.639134407043457,12.298828125,3.8723373413085938,25.361248526861846,25944.557242979667,4555.186354022939
3770,4567.813587975921,3700044424.0,10349941760.0,25.342050459469082,25924.91762003687,0.258836030960083,0.00010048979591836735,9.639134407043457,12.298828125,3.853727102279663,25.342050459469082,25924.91762003687,4567.813587975921
3780,4580.4377488610335,3700044424.0,10349941760.0,25.348219411349167,25931.228457810197,0.28280529379844666,9.96734693877551e-05,9.639134407043457,12.298828125,3.8162460327148438,25.348219411349167,25931.228457810197,4580.4377488610335
3790,4593.059224595083,3700044424.0,10349941760.0,25.353612108663597,25936.74518716286,0.22766824066638947,9.885714285714286e-05,9.639134407043457,12.298828125,3.7940144538879395,25.353612108663597,25936.74518716286,4593.059224595083
3800,4605.683392683044,3700044424.0,10349941760.0,25.348204948662175,25931.213662481405,0.2449248880147934,9.804081632653061e-05,9.639134407043457,12.298828125,3.8012328147888184,25.348204948662175,25931.213662481405,4605.683392683044
3810,4618.311147006927,3700044424.0,10349941760.0,25.34100615140898,25923.849292891387,0.2405027598142624,9.722448979591837e-05,9.639134407043457,12.298828125,3.924692392349243,25.34100615140898,25923.849292891387,4618.311147006927
3820,4630.9374326700345,3700044424.0,10349941760.0,25.343953759497467,25926.86469596591,0.2381828874349594,9.640816326530613e-05,9.639134407043457,12.298828125,3.7875118255615234,25.343953759497467,25926.86469596591,4630.9374326700345
3830,4643.561134028947,3700044424.0,10349941760.0,25.349142133663946,25932.17240273822,0.2333349585533142,9.559183673469389e-05,9.639134407043457,12.298828125,3.915364980697632,25.349142133663946,25932.17240273822,4643.561134028947
3840,4656.188976047095,3700044424.0,10349941760.0,25.340830170358196,25923.669264276436,0.24037335813045502,9.477551020408165e-05,9.639134407043457,12.298828125,3.7854344844818115,25.340830170358196,25923.669264276436,4656.188976047095
3850,4668.820197456051,3700044424.0,10349941760.0,25.33405041678032,25916.733576366267,0.23451173305511475,9.395918367346939e-05,9.639134407043457,12.298828125,3.804973602294922,25.33405041678032,25916.733576366267,4668.820197456051
3860,4681.449592976132,3700044424.0,10349941760.0,25.33771307511706,25920.48047584475,0.24267026782035828,9.314285714285715e-05,9.639134407043457,12.298828125,3.928001642227173,25.33771307511706,25920.48047584475,4681.449592976132
3870,4694.078675356926,3700044424.0,10349941760.0,25.338341326100497,25921.12317660081,0.23492971062660217,9.23265306122449e-05,9.639134407043457,12.298828125,3.896076202392578,25.338341326100497,25921.12317660081,4694.078675356926
3880,4706.708286640933,3700044424.0,10349941760.0,25.337280206338153,25920.03765108393,0.23069433867931366,9.151020408163265e-05,9.639134407043457,12.298828125,3.9381234645843506,25.337280206338153,25920.03765108393,4706.708286640933
3890,4719.336371875135,3700044424.0,10349941760.0,25.34034210770912,25923.16997618643,0.26706212759017944,9.069387755102041e-05,9.639134407043457,12.298828125,3.7277090549468994,25.34034210770912,25923.16997618643,4719.336371875135
3900,4731.964093645103,3700044424.0,10349941760.0,25.34107147981688,25923.916123852665,0.23104292154312134,8.987755102040817e-05,9.639134407043457,12.298828125,3.7887394428253174,25.34107147981688,25923.916123852665,4731.964093645103
3910,4744.59221282904,3700044424.0,10349941760.0,25.34027398213335,25923.100283722415,0.23513732850551605,8.906122448979593e-05,9.639134407043457,12.298828125,3.864823579788208,25.34027398213335,25923.100283722415,4744.59221282904
3920,4757.221702302108,3700044424.0,10349941760.0,25.337524583429115,25920.287648847985,0.24255509674549103,8.824489795918369e-05,9.639134407043457,12.298828125,3.7750637531280518,25.337524583429115,25920.287648847985,4757.221702302108
3930,4769.849119592924,3700044424.0,10349941760.0,25.34168251751179,25924.54121541456,0.2337668538093567,8.742857142857144e-05,9.639134407043457,12.298828125,3.7883670330047607,25.34168251751179,25924.54121541456,4769.849119592924
3940,4782.474661749089,3700044424.0,10349941760.0,25.345446242380454,25928.391505955202,0.25932082533836365,8.661224489795919e-05,9.639134407043457,12.298828125,3.76601505279541,25.345446242380454,25928.391505955202,4782.474661749089
3950,4795.10482771392,3700044424.0,10349941760.0,25.336167465341003,25918.899317043848,0.24581071734428406,8.579591836734693e-05,9.639134407043457,12.298828125,3.79945969581604,25.336167465341003,25918.899317043848,4795.10482771392
3960,4807.736761517124,3700044424.0,10349941760.0,25.332621670232545,25915.271968647896,0.3012779951095581,8.497959183673469e-05,9.639134407043457,12.298828125,3.7838964462280273,25.332621670232545,25915.271968647896,4807.736761517124
3970,4820.3609489400405,3700044424.0,10349941760.0,25.34816612585409,25931.17394674873,0.23814621567726135,8.416326530612245e-05,9.639134407043457,12.298828125,3.73300838470459,25.34816612585409,25931.17394674873,4820.3609489400405
3980,4832.991840119939,3700044424.0,10349941760.0,25.33471276431067,25917.411157889816,0.25314274430274963,8.334693877551021e-05,9.639134407043457,12.298828125,3.7906394004821777,25.33471276431067,25917.411157889816,4832.991840119939
3990,4845.621953512076,3700044424.0,10349941760.0,25.336272926830517,25919.00720414762,0.2311730831861496,8.253061224489797e-05,9.639134407043457,12.298828125,3.8111047744750977,25.336272926830517,25919.00720414762,4845.621953512076
4000,4858.247809262015,3700044424.0,10349941760.0,25.344816726704266,25927.747511418464,0.2375510036945343,8.171428571428572e-05,9.639134407043457,12.298828125,3.82854962348938,25.344816726704266,25927.747511418464,4858.247809262015
4000.0,,,,,,,,,,,,,
4010,4873.152366291964,3700044424.0,10349941760.0,21.46994367943884,21963.75238406593,0.2486540824174881,8.089795918367348e-05,9.639134407043457,12.298828125,3.6507389545440674,21.46994367943884,21963.75238406593,4873.152366291964
4020,4885.782371958019,3700044424.0,10349941760.0,25.336489029458836,25919.22827713639,0.24514469504356384,8.008163265306124e-05,9.639134407043457,12.298828125,3.6407968997955322,25.336489029458836,25919.22827713639,4885.782371958019
4030,4898.4089326150715,3700044424.0,10349941760.0,25.34340179336723,25926.30003461468,0.24428340792655945,7.926530612244898e-05,9.639134407043457,12.298828125,3.7799131870269775,25.34340179336723,25926.30003461468,4898.4089326150715
4040,4911.043664656114,3700044424.0,10349941760.0,25.327011206927164,25909.53246468649,1.0233311653137207,7.844897959183673e-05,9.639134407043457,12.298828125,3.7224435806274414,25.327011206927164,25909.53246468649,4911.043664656114
4050,4923.673236710019,3700044424.0,10349941760.0,25.33735890924689,25920.11816415957,0.23784665763378143,7.763265306122449e-05,9.639134407043457,12.298828125,3.767808198928833,25.33735890924689,25920.11816415957,4923.673236710019
4060,4936.304109344026,3700044424.0,10349941760.0,25.334749963232916,25917.449212387273,0.23259897530078888,7.681632653061225e-05,9.639134407043457,12.298828125,3.8861207962036133,25.334749963232916,25917.449212387273,4936.304109344026
4070,4948.930350953946,3700044424.0,10349941760.0,25.344042185015038,25926.95515527038,0.23739852011203766,7.6e-05,9.639134407043457,12.298828125,3.8474080562591553,25.344042185015038,25926.95515527038,4948.930350953946
4080,4961.56011789199,3700044424.0,10349941760.0,25.33696794008815,25919.718202710177,0.2429877668619156,7.518367346938776e-05,9.639134407043457,12.298828125,3.818707227706909,25.33696794008815,25919.718202710177,4961.56011789199
4090,4974.1857426729985,3700044424.0,10349941760.0,25.345280376250134,25928.22182490389,0.2465987205505371,7.436734693877552e-05,9.639134407043457,12.298828125,3.934314012527466,25.345280376250134,25928.22182490389,4974.1857426729985
4100,4986.813199423021,3700044424.0,10349941760.0,25.341603327957248,25924.460204500265,0.2490769922733307,7.355102040816328e-05,9.639134407043457,12.298828125,3.751842498779297,25.341603327957248,25924.460204500265,4986.813199423021
4110,4999.444030557992,3700044424.0,10349941760.0,25.334833201435945,25917.534365068972,0.24063612520694733,7.273469387755102e-05,9.639134407043457,12.298828125,3.7845489978790283,25.334833201435945,25917.534365068972,4999.444030557992
4120,5012.074194903951,3700044424.0,10349941760.0,25.33617071280457,25918.902639199074,0.2403082549571991,7.191836734693878e-05,9.639134407043457,12.298828125,3.701115131378174,25.33617071280457,25918.902639199074,5012.074194903951
4130,5024.705601685913,3700044424.0,10349941760.0,25.33367862532662,25916.35323370913,0.23569725453853607,7.110204081632653e-05,9.639134407043457,12.298828125,3.810668468475342,25.33367862532662,25916.35323370913,5024.705601685913
4140,5037.332958734129,3700044424.0,10349941760.0,25.34180341762225,25924.66489622756,0.238798126578331,7.028571428571428e-05,9.639134407043457,12.298828125,3.881746292114258,25.34180341762225,25924.66489622756,5037.332958734129
4150,5049.9631537550595,3700044424.0,10349941760.0,25.33610917881267,25918.839689925364,0.23307470977306366,6.946938775510204e-05,9.639134407043457,12.298828125,3.7740955352783203,25.33610917881267,25918.839689925364,5049.9631537550595
4160,5062.593515957007,3700044424.0,10349941760.0,25.335773818952955,25918.49661678887,0.2327585518360138,6.86530612244898e-05,9.639134407043457,12.298828125,3.7848317623138428,25.335773818952955,25918.49661678887,5062.593515957007
4170,5075.224962746957,3700044424.0,10349941760.0,25.333598385150886,25916.271148009357,0.23272103071212769,6.783673469387756e-05,9.639134407043457,12.298828125,3.883641004562378,25.333598385150886,25916.271148009357,5075.224962746957
4180,5087.8554227540735,3700044424.0,10349941760.0,25.335577628978438,25918.29591444494,0.24120287597179413,6.702040816326532e-05,9.639134407043457,12.298828125,3.770232915878296,25.335577628978438,25918.29591444494,5087.8554227540735
4190,5100.489477392985,3700044424.0,10349941760.0,25.32836916934385,25910.921660238757,0.2392120063304901,6.620408163265306e-05,9.639134407043457,12.298828125,3.8110811710357666,25.32836916934385,25910.921660238757,5100.489477392985
4200,5113.120822221972,3700044424.0,10349941760.0,25.3338028794556,25916.48034568308,0.24551022052764893,6.538775510204082e-05,9.639134407043457,12.298828125,3.7987983226776123,25.3338028794556,25916.48034568308,5113.120822221972
4210,5125.749107233947,3700044424.0,10349941760.0,25.33994122690071,25922.759875119424,0.2471739947795868,6.457142857142856e-05,9.639134407043457,12.298828125,3.8758456707000732,25.33994122690071,25922.759875119424,5125.749107233947
4220,5138.380786973983,3700044424.0,10349941760.0,25.33313118965209,25915.793207014085,0.2576199173927307,6.375510204081632e-05,9.639134407043457,12.298828125,3.8465850353240967,25.33313118965209,25915.793207014085,5138.380786973983
4230,5151.012426984031,3700044424.0,10349941760.0,25.333210869329665,25915.87471932425,0.24060024321079254,6.293877551020408e-05,9.639134407043457,12.298828125,3.7411048412323,25.333210869329665,25915.87471932425,5151.012426984031
4240,5163.648816862144,3700044424.0,10349941760.0,25.32368841786562,25906.133251476527,0.25638315081596375,6.212244897959184e-05,9.639134407043457,12.298828125,3.816498041152954,25.32368841786562,25906.133251476527,5163.648816862144
4250,5176.279971763026,3700044424.0,10349941760.0,25.33418381067002,25916.87003831543,0.2392871230840683,6.13061224489796e-05,9.639134407043457,12.298828125,3.801377773284912,25.33418381067002,25916.87003831543,5176.279971763026
4260,5188.908552550012,3700044424.0,10349941760.0,25.339347738089405,25922.152736065458,0.26184529066085815,6.0489795918367356e-05,9.639134407043457,12.298828125,3.642608165740967,25.339347738089405,25922.152736065458,5188.908552550012
4270,5201.537361606024,3700044424.0,10349941760.0,25.338889722753677,25921.68418637701,0.24234230816364288,5.967346938775511e-05,9.639134407043457,12.298828125,3.828826665878296,25.338889722753677,25921.68418637701,5201.537361606024
4280,5214.167851228034,3700044424.0,10349941760.0,25.335518224279074,25918.235143437494,0.23525874316692352,5.885714285714285e-05,9.639134407043457,12.298828125,3.770014762878418,25.335518224279074,25918.235143437494,5214.167851228034
4290,5226.801223019138,3700044424.0,10349941760.0,25.329738195889796,25912.32217439526,0.23889480531215668,5.804081632653061e-05,9.639134407043457,12.298828125,3.789588451385498,25.329738195889796,25912.32217439526,5226.801223019138
4300,5239.432677807985,3700044424.0,10349941760.0,25.333582342593516,25916.254736473165,0.25246790051460266,5.722448979591837e-05,9.639134407043457,12.298828125,3.783057451248169,25.333582342593516,25916.254736473165,5239.432677807985
4310,5252.064056642121,3700044424.0,10349941760.0,25.333734677896917,25916.410575488546,0.23753729462623596,5.640816326530613e-05,9.639134407043457,12.298828125,3.7753853797912598,25.333734677896917,25916.410575488546,5252.064056642121
4320,5264.695921798935,3700044424.0,10349941760.0,25.332759337394528,25915.412802154602,0.23004472255706787,5.559183673469388e-05,9.639134407043457,12.298828125,3.7954065799713135,25.332759337394528,25915.412802154602,5264.695921798935
4330,5277.326616605045,3700044424.0,10349941760.0,25.3351066518684,25917.814104861372,0.24397499859333038,5.4775510204081636e-05,9.639134407043457,12.298828125,3.85390567779541,25.3351066518684,25917.814104861372,5277.326616605045
4340,5289.960148449987,3700044424.0,10349941760.0,25.32941729419226,25911.993891958682,0.24866317212581635,5.3959183673469395e-05,9.639134407043457,12.298828125,3.8699023723602295,25.32941729419226,25911.993891958682,5289.960148449987
4350,5302.588447224116,3700044424.0,10349941760.0,25.339913611766494,25922.731624837124,0.2395506501197815,5.314285714285715e-05,9.639134407043457,12.298828125,3.7391834259033203,25.339913611766494,25922.731624837124,5302.588447224116
4360,5315.220724340063,3700044424.0,10349941760.0,25.331933194850585,25914.567658332147,0.24211183190345764,5.23265306122449e-05,9.639134407043457,12.298828125,3.80618953704834,25.331933194850585,25914.567658332147,5315.220724340063
4370,5327.852542330045,3700044424.0,10349941760.0,25.332853929162667,25915.50956953341,0.24458780884742737,5.151020408163265e-05,9.639134407043457,12.298828125,3.7463018894195557,25.332853929162667,25915.50956953341,5327.852542330045
4380,5340.485080901068,3700044424.0,10349941760.0,25.33140890098227,25914.031305704866,0.237238347530365,5.069387755102041e-05,9.639134407043457,12.298828125,3.891860246658325,25.33140890098227,25914.031305704866,5340.485080901068
4390,5353.116301215021,3700044424.0,10349941760.0,25.33405261299322,25916.73582309206,0.2344352751970291,4.9877551020408165e-05,9.639134407043457,12.298828125,3.7015154361724854,25.33405261299322,25916.73582309206,5353.116301215021
4400,5365.751575045986,3700044424.0,10349941760.0,25.32592520597208,25908.421485709438,0.24182897806167603,4.9061224489795924e-05,9.639134407043457,12.298828125,3.717895030975342,25.32592520597208,25908.421485709438,5365.751575045986
4410,5378.3867072339635,3700044424.0,10349941760.0,25.326209115919344,25908.71192558549,0.24497683346271515,4.8244897959183675e-05,9.639134407043457,12.298828125,3.87030291557312,25.326209115919344,25908.71192558549,5378.3867072339635
4420,5391.021588497097,3700044424.0,10349941760.0,25.326712086619793,25909.226464612046,0.2452411949634552,4.742857142857143e-05,9.639134407043457,12.298828125,3.737438440322876,25.326712086619793,25909.226464612046,5391.021588497097
4430,5403.6534084940795,3700044424.0,10349941760.0,25.33284990416535,25915.50545196115,0.23618753254413605,4.6612244897959185e-05,9.639134407043457,12.298828125,3.7829439640045166,25.33284990416535,25915.50545196115,5403.6534084940795
4440,5416.291786907939,3700044424.0,10349941760.0,25.31970396210602,25902.057153234455,0.23467782139778137,4.579591836734694e-05,9.639134407043457,12.298828125,3.7995424270629883,25.31970396210602,25902.057153234455,5416.291786907939
4450,5428.926143774064,3700044424.0,10349941760.0,25.327763287894577,25910.301843516154,0.2327958047389984,4.4979591836734694e-05,9.639134407043457,12.298828125,3.8169240951538086,25.327763287894577,25910.301843516154,5428.926143774064
4460,5441.55978948297,3700044424.0,10349941760.0,25.32918900633964,25911.760353485453,0.23848377168178558,4.416326530612245e-05,9.639134407043457,12.298828125,3.85148286819458,25.32918900633964,25911.760353485453,5441.55978948297
4470,5454.190739541082,3700044424.0,10349941760.0,25.334594668473713,25917.290345848607,0.22837619483470917,4.3346938775510204e-05,9.639134407043457,12.298828125,3.7599918842315674,25.334594668473713,25917.290345848607,5454.190739541082
4480,5466.8235092549585,3700044424.0,10349941760.0,25.330945410054323,25913.557154485574,0.24861598014831543,4.253061224489796e-05,9.639134407043457,12.298828125,3.6664891242980957,25.330945410054323,25913.557154485574,5466.8235092549585
4490,5479.460383282043,3700044424.0,10349941760.0,25.322718206586956,25905.140725338457,0.2593950629234314,4.1714285714285714e-05,9.639134407043457,12.298828125,3.7559170722961426,25.322718206586956,25905.140725338457,5479.460383282043
4500,5492.093989396002,3700044424.0,10349941760.0,25.329268390473732,25911.841563454625,0.23269766569137573,4.089795918367347e-05,9.639134407043457,12.298828125,3.7814064025878906,25.329268390473732,25911.841563454625,5492.093989396002
4500.0,,,,,,,,,,,,,
4510,5506.988526752917,3700044424.0,10349941760.0,21.484386680290978,21978.52757393767,0.23330922424793243,4.008163265306122e-05,9.639134407043457,12.298828125,3.665025234222412,21.484386680290978,21978.52757393767,5506.988526752917
4520,5519.621358406963,3700044424.0,10349941760.0,25.330821209631043,25913.430097452558,0.23345652222633362,3.926530612244898e-05,9.639134407043457,12.298828125,3.739891290664673,25.330821209631043,25913.430097452558,5519.621358406963
4530,5532.25315745594,3700044424.0,10349941760.0,25.3328919150211,25915.548429066588,0.23982831835746765,3.844897959183674e-05,9.639134407043457,12.298828125,3.769469738006592,25.3328919150211,25915.548429066588,5532.25315745594
4540,5544.88669886603,3700044424.0,10349941760.0,25.32939811670037,25911.974273384483,0.23749221861362457,3.763265306122449e-05,9.639134407043457,12.298828125,3.8694469928741455,25.32939811670037,25911.974273384483,5544.88669886603
4550,5557.521992440103,3700044424.0,10349941760.0,25.32588563328983,25908.381002855494,0.23488076031208038,3.681632653061224e-05,9.639134407043457,12.298828125,3.7830376625061035,25.32588563328983,25908.381002855494,5557.521992440103
4560,5570.16164928209,3700044424.0,10349941760.0,25.317143020607194,25899.43731008116,0.24059854447841644,3.6e-05,9.639134407043457,12.298828125,3.644580364227295,25.317143020607194,25899.43731008116,5570.16164928209
4570,5582.800382623915,3700044424.0,10349941760.0,25.31899292004617,25901.329757207233,0.2354411631822586,3.518367346938776e-05,9.639134407043457,12.298828125,3.823984146118164,25.31899292004617,25901.329757207233,5582.800382623915
4580,5595.436954783974,3700044424.0,10349941760.0,25.323323124875905,25905.759556748053,0.23209932446479797,3.436734693877551e-05,9.639134407043457,12.298828125,3.7311761379241943,25.323323124875905,25905.759556748053,5595.436954783974
4590,5608.074666511035,3700044424.0,10349941760.0,25.32103967166802,25903.423584116386,0.2303248792886734,3.355102040816327e-05,9.639134407043457,12.298828125,3.7730140686035156,25.32103967166802,25903.423584116386,5608.074666511035
4600,5620.709503577091,3700044424.0,10349941760.0,25.3268006802943,25909.31709594107,0.23838426172733307,3.273469387755102e-05,9.639134407043457,12.298828125,3.7652928829193115,25.3268006802943,25909.31709594107,5620.709503577091
4610,5633.347204388119,3700044424.0,10349941760.0,25.321061543152467,25903.445958644974,0.2338894158601761,3.191836734693878e-05,9.639134407043457,12.298828125,3.622941493988037,25.321061543152467,25903.445958644974,5633.347204388119
4620,5645.987113953102,3700044424.0,10349941760.0,25.316636828360714,25898.91947541301,0.24727551639080048,3.110204081632653e-05,9.639134407043457,12.298828125,3.676687240600586,25.316636828360714,25898.91947541301,5645.987113953102
4630,5658.623255755054,3700044424.0,10349941760.0,25.3241855793816,25906.641847707375,0.23228470981121063,3.0285714285714288e-05,9.639134407043457,12.298828125,3.8020238876342773,25.3241855793816,25906.641847707375,5658.623255755054
4640,5671.265181664145,3700044424.0,10349941760.0,25.312598911047925,25894.788686002026,0.23170040547847748,2.946938775510204e-05,9.639134407043457,12.298828125,3.721255302429199,25.312598911047925,25894.788686002026,5671.265181664145
4650,5683.904890154954,3700044424.0,10349941760.0,25.317039568806365,25899.33147888891,0.23648864030838013,2.8653061224489798e-05,9.639134407043457,12.298828125,3.7193403244018555,25.317039568806365,25899.33147888891,5683.904890154954
4660,5696.544537532143,3700044424.0,10349941760.0,25.31716197854566,25899.45670405221,0.23418357968330383,2.7836734693877553e-05,9.639134407043457,12.298828125,3.804999828338623,25.31716197854566,25899.45670405221,5696.544537532143
4670,5709.1791392590385,3700044424.0,10349941760.0,25.327272431454485,25909.79969737794,0.23765860497951508,2.702040816326531e-05,9.639134407043457,12.298828125,3.5872318744659424,25.327272431454485,25909.79969737794,5709.1791392590385
4680,5721.82329830993,3700044424.0,10349941760.0,25.308128339104215,25890.21529090361,0.2744157016277313,2.620408163265306e-05,9.639134407043457,12.298828125,3.7153573036193848,25.308128339104215,25890.21529090361,5721.82329830993
4690,5734.46277160896,3700044424.0,10349941760.0,25.317510661188116,25899.813406395442,0.23700650036334991,2.5387755102040817e-05,9.639134407043457,12.298828125,3.5777790546417236,25.317510661188116,25899.813406395442,5734.46277160896
4700,5747.100419288967,3700044424.0,10349941760.0,25.321167997605134,25903.554861550052,0.2378160059452057,2.4571428571428572e-05,9.639134407043457,12.298828125,3.708949327468872,25.321167997605134,25903.554861550052,5747.100419288967
4710,5759.737976077944,3700044424.0,10349941760.0,25.321350110894162,25903.741163444727,0.23909159004688263,2.3755102040816327e-05,9.639134407043457,12.298828125,3.721137046813965,25.321350110894162,25903.741163444727,5759.737976077944
4720,5772.377427234082,3700044424.0,10349941760.0,25.317555014610996,25899.858779947048,0.2322898805141449,2.293877551020408e-05,9.639134407043457,12.298828125,3.7595951557159424,25.317555014610996,25899.858779947048,5772.377427234082
4730,5785.015100713121,3700044424.0,10349941760.0,25.3211163059997,25903.501981037694,0.24329042434692383,2.2122448979591836e-05,9.639134407043457,12.298828125,3.696499824523926,25.3211163059997,25903.501981037694,5785.015100713121
4740,5797.6555771171115,3700044424.0,10349941760.0,25.31550155016087,25897.75808581457,0.23709799349308014,2.1306122448979595e-05,9.639134407043457,12.298828125,3.853315591812134,25.31550155016087,25897.75808581457,5797.6555771171115
4750,5810.29307275312,3700044424.0,10349941760.0,25.321472641162163,25903.86651190889,0.23594047129154205,2.0489795918367346e-05,9.639134407043457,12.298828125,3.808974266052246,25.321472641162163,25903.86651190889,5810.29307275312
4760,5822.930726351915,3700044424.0,10349941760.0,25.32115613855085,25903.54272973752,0.2395758032798767,1.9673469387755104e-05,9.639134407043457,12.298828125,3.862215280532837,25.32115613855085,25903.54272973752,5822.930726351915
4770,5835.571331260027,3700044424.0,10349941760.0,25.315244193308477,25897.49480975457,0.23497596383094788,1.885714285714286e-05,9.639134407043457,12.298828125,3.6688477993011475,25.315244193308477,25897.49480975457,5835.571331260027
4780,5848.215527831111,3700044424.0,10349941760.0,25.308053240157168,25890.138464680786,0.23126552999019623,1.8040816326530614e-05,9.639134407043457,12.298828125,3.7154488563537598,25.308053240157168,25890.138464680786,5848.215527831111
4790,5860.853464811109,3700044424.0,10349941760.0,25.32058836077952,25902.96189307745,0.23358799517154694,1.722448979591837e-05,9.639134407043457,12.298828125,3.893580436706543,25.32058836077952,25902.96189307745,5860.853464811109
4800,5873.490856312914,3700044424.0,10349941760.0,25.32168129430026,25904.079964069166,0.23297007381916046,1.6408163265306124e-05,9.639134407043457,12.298828125,3.616328716278076,25.32168129430026,25904.079964069166,5873.490856312914
4810,5886.127821821952,3700044424.0,10349941760.0,25.32253488949735,25904.95319195579,0.23916462063789368,1.559183673469388e-05,9.639134407043457,12.298828125,3.661935567855835,25.32253488949735,25904.95319195579,5886.127821821952
4820,5898.762935918057,3700044424.0,10349941760.0,25.326245379821557,25908.749023557455,0.22737360000610352,1.4775510204081633e-05,9.639134407043457,12.298828125,3.841625928878784,25.326245379821557,25908.749023557455,5898.762935918057
4830,5911.398069699062,3700044424.0,10349941760.0,25.326205922811752,25908.708659036423,0.2681623101234436,1.395918367346939e-05,9.639134407043457,12.298828125,3.6438775062561035,25.326205922811752,25908.708659036423,5911.398069699062
4840,5924.036968388129,3700044424.0,10349941760.0,25.318661686623784,25900.990905416133,0.3290509581565857,1.3142857142857143e-05,9.639134407043457,12.298828125,3.632784843444824,25.318661686623784,25900.990905416133,5924.036968388129
4850,5936.671820027055,3700044424.0,10349941760.0,25.326771468698944,25909.28721247902,0.2344808280467987,1.2326530612244898e-05,9.639134407043457,12.298828125,3.7060842514038086,25.326771468698944,25909.28721247902,5936.671820027055
4860,5949.308447232004,3700044424.0,10349941760.0,25.32321281699871,25905.64671178968,0.2302541881799698,1.1510204081632654e-05,9.639134407043457,12.298828125,3.713163137435913,25.32321281699871,25905.64671178968,5949.308447232004
4870,5961.94701303402,3700044424.0,10349941760.0,25.319328554587447,25901.673111342956,0.23546099662780762,1.0693877551020409e-05,9.639134407043457,12.298828125,3.713372230529785,25.319328554587447,25901.673111342956,5961.94701303402
4880,5974.583086794009,3700044424.0,10349941760.0,25.324321943516257,25906.78134821713,0.23055453598499298,9.877551020408164e-06,9.639134407043457,12.298828125,3.762895345687866,25.324321943516257,25906.78134821713,5974.583086794009
4890,5987.223711972125,3700044424.0,10349941760.0,25.315203598791303,25897.453281563503,0.24337950348854065,9.061224489795919e-06,9.639134407043457,12.298828125,3.6129276752471924,25.315203598791303,25897.453281563503,5987.223711972125
4900,5999.8631260581315,3700044424.0,10349941760.0,25.31762926845479,25899.93474162925,0.23229631781578064,8.244897959183674e-06,9.639134407043457,12.298828125,3.7284669876098633,25.31762926845479,25899.93474162925,5999.8631260581315
4910,6012.503168107942,3700044424.0,10349941760.0,25.316371475584035,25898.64801952247,0.2387455403804779,7.428571428571429e-06,9.639134407043457,12.298828125,3.8095250129699707,25.316371475584035,25898.64801952247,6012.503168107942
4920,6025.14715983998,3700044424.0,10349941760.0,25.30846324338803,25890.557897985957,0.24369081854820251,6.612244897959184e-06,9.639134407043457,12.298828125,3.7099225521087646,25.30846324338803,25890.557897985957,6025.14715983998
4930,6037.784620245919,3700044424.0,10349941760.0,25.321543231077694,25903.93872539248,0.23302103579044342,5.795918367346939e-06,9.639134407043457,12.298828125,3.7320127487182617,25.321543231077694,25903.93872539248,6037.784620245919
4940,6050.422873536125,3700044424.0,10349941760.0,25.319954637084123,25902.313593737057,0.23973694443702698,4.9795918367346945e-06,9.639134407043457,12.298828125,3.813690185546875,25.319954637084123,25902.313593737057,6050.422873536125
4950,6063.061305261916,3700044424.0,10349941760.0,25.31959715753255,25901.947892155797,0.2297092080116272,4.163265306122449e-06,9.639134407043457,12.298828125,3.687640428543091,25.31959715753255,25901.947892155797,6063.061305261916
4960,6075.696419845102,3700044424.0,10349941760.0,25.32624440349873,25908.7480247792,0.26038238406181335,3.346938775510204e-06,9.639134407043457,12.298828125,3.7258987426757812,25.32624440349873,25908.7480247792,6075.696419845102
4970,6088.333288606023,3700044424.0,10349941760.0,25.322728759325678,25905.15152079017,0.23188398778438568,2.5306122448979594e-06,9.639134407043457,12.298828125,3.7560455799102783,25.322728759325678,25905.15152079017,6088.333288606023
4980,6100.972774273017,3700044424.0,10349941760.0,25.31748588754911,25899.78806296274,0.2494092881679535,1.7142857142857145e-06,9.639134407043457,12.298828125,3.7446038722991943,25.31748588754911,25899.78806296274,6100.972774273017
4990,6113.6158403670415,3700044424.0,10349941760.0,25.310316154342637,25892.453425892516,0.23599593341350555,8.979591836734694e-07,9.639134407043457,12.298828125,3.710280656814575,25.310316154342637,25892.453425892516,6113.6158403670415
5000,6126.257800057996,3700044424.0,10349941760.0,25.312531270682946,25894.719489908653,0.23522837460041046,8.16326530612245e-08,9.639134407043457,12.298828125,3.603163719177246,25.312531270682946,25894.719489908653,6126.257800057996
5000.0,,,,,,,,,,,,,
5000,6128.54435613798,3700044424.0,10349941760.0,26.10734143414556,26707.81028713091,,,,,,,,
