step,efficiency/elapsed_wall_seconds,efficiency/optimizer_state_bytes,efficiency/peak_cuda_memory_bytes,efficiency/sequences_per_second,efficiency/tokens_per_second,grad_norm,lr,memory/max_allocated_gb,memory/max_reserved_gb,step_loss,throughput/sequences_per_second,throughput/tokens_per_second,wall_time_seconds
10,32.047370593994856,3700044424.0,9337272832.0,9.98521857078542,10214.878597913485,2.0663819313049316,3.6e-05,8.6960129737854,10.384765625,10.090397834777832,9.98521857078542,10214.878597913485,32.047370593994856
20,35.536235347855836,3700044424.0,9337272832.0,91.72037971545599,93829.94844891147,1.7660562992095947,7.6e-05,8.6960129737854,10.384765625,8.655884742736816,91.72037971545599,93829.94844891147,35.536235347855836
30,39.02764589199796,3700044424.0,9337272832.0,91.65350105758675,93761.53158191126,1.1804091930389404,0.000116,8.6960129737854,10.384765625,7.730581283569336,91.65350105758675,93761.53158191126,39.02764589199796
40,42.52029279083945,3700044424.0,9337272832.0,91.62105682831675,93728.34113536804,1.1285111904144287,0.00015600000000000002,8.6960129737854,10.384765625,7.251716136932373,91.62105682831675,93728.34113536804,42.52029279083945
50,46.01809682394378,3700044424.0,9337272832.0,91.48597147565106,93590.14881959104,1.0254484415054321,0.000196,8.6960129737854,10.384765625,6.936981678009033,91.48597147565106,93590.14881959104,46.01809682394378
60,49.52225086186081,3700044424.0,9337272832.0,91.32018642371582,93420.55071146128,1.100451946258545,0.000236,8.6960129737854,10.384765625,6.780545711517334,91.32018642371582,93420.55071146128,49.52225086186081
70,53.036372186848894,3700044424.0,9337272832.0,91.06117017774999,93155.57709183823,1.0665538311004639,0.000276,8.6960129737854,10.384765625,6.617053508758545,91.06117017774999,93155.57709183823,53.036372186848894
80,56.55395837081596,3700044424.0,9337272832.0,90.97147397796233,93063.81787945546,0.5989680886268616,0.00031600000000000004,8.6960129737854,10.384765625,6.575160026550293,90.97147397796233,93063.81787945546,56.55395837081596
90,60.076297462917864,3700044424.0,9337272832.0,90.84872058954578,92938.24116310533,0.6807435750961304,0.00035600000000000003,8.6960129737854,10.384765625,6.390527725219727,90.84872058954578,92938.24116310533,60.076297462917864
100,63.60279661999084,3700044424.0,9337272832.0,90.74155011725642,92828.60576995333,0.5339207649230957,0.00039600000000000003,8.6960129737854,10.384765625,6.463598728179932,90.74155011725642,92828.60576995333,63.60279661999084
110,67.13282939395867,3700044424.0,9337272832.0,90.65071643522255,92735.68291323267,0.7391461133956909,0.000399265306122449,8.6960129737854,10.384765625,6.2587175369262695,90.65071643522255,92735.68291323267,67.13282939395867
120,70.66423225682229,3700044424.0,9337272832.0,90.61554640653826,92699.70397388864,0.5973055362701416,0.0003984489795918367,8.6960129737854,10.384765625,6.169052600860596,90.61554640653826,92699.70397388864,70.66423225682229
130,74.19815539801493,3700044424.0,9337272832.0,90.55092236443063,92633.59357881254,0.4454754889011383,0.00039763265306122454,8.6960129737854,10.384765625,6.237497329711914,90.55092236443063,92633.59357881254,74.19815539801493
140,77.73566146683879,3700044424.0,9337272832.0,90.45920876862066,92539.77057029892,0.8643224835395813,0.00039681632653061226,8.6960129737854,10.384765625,6.308789253234863,90.45920876862066,92539.77057029892,77.73566146683879
150,81.28138637682423,3700044424.0,9337272832.0,90.2495281285976,92325.26727555535,0.43837499618530273,0.00039600000000000003,8.6960129737854,10.384765625,6.026954174041748,90.2495281285976,92325.26727555535,81.28138637682423
160,84.82433109683916,3700044424.0,9337272832.0,90.3203479840497,92397.71598768285,0.5669335126876831,0.00039518367346938775,8.6960129737854,10.384765625,6.002270221710205,90.3203479840497,92397.71598768285,84.82433109683916
170,88.37120491894893,3700044424.0,9337272832.0,90.22029427865455,92295.3610470636,0.4288136959075928,0.0003943673469387756,8.6960129737854,10.384765625,5.964953899383545,90.22029427865455,92295.3610470636,88.37120491894893
180,91.92026410601102,3700044424.0,9337272832.0,90.1647403251385,92238.52935261668,0.4099729359149933,0.0003935510204081633,8.6960129737854,10.384765625,6.026703357696533,90.1647403251385,92238.52935261668,91.92026410601102
190,95.47246963600628,3700044424.0,9337272832.0,90.08487749311813,92156.82967545986,0.45152443647384644,0.00039273469387755106,8.6960129737854,10.384765625,5.9093828201293945,90.08487749311813,92156.82967545986,95.47246963600628
200,99.0271135289222,3700044424.0,9337272832.0,90.02308237900588,92093.61327372302,0.4086724817752838,0.0003919183673469388,8.6960129737854,10.384765625,5.875791549682617,90.02308237900588,92093.61327372302,99.0271135289222
210,102.58285511191934,3700044424.0,9337272832.0,89.99529142673839,92065.18312955338,0.36339330673217773,0.00039110204081632655,8.6960129737854,10.384765625,5.799116134643555,89.99529142673839,92065.18312955338,102.58285511191934
220,106.14072860986926,3700044424.0,9337272832.0,89.94136530834714,92010.01671043911,0.3469785153865814,0.0003902857142857143,8.6960129737854,10.384765625,5.8341779708862305,89.94136530834714,92010.01671043911,106.14072860986926
230,109.70148520101793,3700044424.0,9337272832.0,89.86854108350335,91935.51752842392,0.3367970883846283,0.00038946938775510204,8.6960129737854,10.384765625,5.717835903167725,89.86854108350335,91935.51752842392,109.70148520101793
240,113.26136068697087,3700044424.0,9337272832.0,89.89078445656342,91958.27249906438,0.3494283854961395,0.0003886530612244898,8.6960129737854,10.384765625,5.751014232635498,89.89078445656342,91958.27249906438,113.26136068697087
250,126.18237147200853,3700044424.0,9337272832.0,24.765864321586626,25335.47920098312,0.36012786626815796,0.00038783673469387753,8.6960129737854,11.88671875,5.58499813079834,24.765864321586626,25335.47920098312,126.18237147200853
260,139.0655321299564,3700044424.0,9337272832.0,24.838625279626978,25409.913661058396,0.2688208520412445,0.00038702040816326536,8.6960129737854,12.1171875,5.605893611907959,24.838625279626978,25409.913661058396,139.0655321299564
270,151.94105900195427,3700044424.0,9337272832.0,24.85335188076435,25424.978974021928,0.3222562372684479,0.0003862040816326531,8.6960129737854,12.1171875,5.539270401000977,24.85335188076435,25424.978974021928,151.94105900195427
280,164.80594685999677,3700044424.0,9337272832.0,24.873905123079,25446.004940909817,0.30631038546562195,0.00038538775510204085,8.6960129737854,12.1171875,5.59732723236084,24.873905123079,25446.004940909817,164.80594685999677
290,177.66979866288602,3700044424.0,9337272832.0,24.875908468420562,25448.054363194235,0.3142807185649872,0.00038457142857142856,8.6960129737854,12.1171875,5.6495771408081055,24.875908468420562,25448.054363194235,177.66979866288602
300,190.53054643888026,3700044424.0,9337272832.0,24.881912434151705,25454.196420137196,0.28157591819763184,0.00038375510204081634,8.6960129737854,12.1171875,5.555245876312256,24.881912434151705,25454.196420137196,190.53054643888026
310,203.38449265202507,3700044424.0,9337272832.0,24.89507849914285,25467.665304623137,0.2916112542152405,0.0003829387755102041,8.6960129737854,12.1171875,5.70015811920166,24.89507849914285,25467.665304623137,203.38449265202507
320,216.2342661570292,3700044424.0,9337272832.0,24.903162680290162,25475.935421936836,0.2761845886707306,0.0003821224489795919,8.6960129737854,12.1171875,5.472546100616455,24.903162680290162,25475.935421936836,216.2342661570292
330,229.0901968178805,3700044424.0,9337272832.0,24.891235682723423,25463.734103426064,0.2700067460536957,0.0003813061224489796,8.6960129737854,12.1171875,5.3982648849487305,24.891235682723423,25463.734103426064,229.0901968178805
340,241.94541323999874,3700044424.0,9337272832.0,24.892618645409883,25465.14887425431,0.3045581877231598,0.00038048979591836737,8.6960129737854,12.1171875,5.641143321990967,24.892618645409883,25465.14887425431,241.94541323999874
350,254.79690775182098,3700044424.0,9337272832.0,24.899827775332145,25472.523814164786,0.30462780594825745,0.0003796734693877551,8.6960129737854,12.1171875,5.416935920715332,24.899827775332145,25472.523814164786,254.79690775182098
360,267.64992171386257,3700044424.0,9337272832.0,24.8968841817994,25469.512517980784,0.2687165439128876,0.0003788571428571429,8.6960129737854,12.1171875,5.233822345733643,24.8968841817994,25469.512517980784,267.64992171386257
370,280.50313986302353,3700044424.0,9337272832.0,24.89648866816199,25469.107907529713,0.2901964485645294,0.00037804081632653063,8.6960129737854,12.1171875,5.49604606628418,24.89648866816199,25469.107907529713,280.50313986302353
380,293.35708860191517,3700044424.0,9337272832.0,24.895073607364715,25467.6603003341,0.2907094657421112,0.0003772244897959184,8.6960129737854,12.1171875,5.511033058166504,24.895073607364715,25467.6603003341,293.35708860191517
390,306.2147022858262,3700044424.0,9337272832.0,24.887977494643636,25460.400977020436,0.30792832374572754,0.0003764081632653061,8.6960129737854,12.1171875,5.452301979064941,24.887977494643636,25460.400977020436,306.2147022858262
400,319.05256880586967,3700044424.0,9337272832.0,24.926260099401365,25499.564081687597,0.2611590623855591,0.0003755918367346939,8.6960129737854,12.1171875,5.342782974243164,24.926260099401365,25499.564081687597,319.05256880586967
410,331.8999971949961,3700044424.0,9337272832.0,24.907708399514068,25480.58569270289,0.3936077952384949,0.00037477551020408166,8.6960129737854,12.1171875,5.267398834228516,24.907708399514068,25480.58569270289,331.8999971949961
420,344.7521552478429,3700044424.0,9337272832.0,24.89854222802054,25471.20869926501,0.2813740670681,0.0003739591836734694,8.6960129737854,12.1171875,5.318232536315918,24.89854222802054,25471.20869926501,344.7521552478429
430,357.60154276294634,3700044424.0,9337272832.0,24.90391076024948,25476.700707735217,0.300101637840271,0.00037314285714285715,8.6960129737854,12.1171875,5.340912818908691,24.90391076024948,25476.700707735217,357.60154276294634
440,370.45035719894804,3700044424.0,9337272832.0,24.905021517267524,25477.837012164677,0.2744044363498688,0.00037232653061224487,8.6960129737854,12.1171875,5.106331825256348,24.905021517267524,25477.837012164677,370.45035719894804
450,383.2996244558599,3700044424.0,9337272832.0,24.904143839631512,25476.939147943038,0.2664135992527008,0.0003715102040816327,8.6960129737854,12.1171875,5.255797863006592,24.904143839631512,25476.939147943038,383.2996244558599
460,396.1528835359495,3700044424.0,9337272832.0,24.896409385826257,25469.02680170026,0.2972368896007538,0.0003706938775510204,8.6960129737854,12.1171875,5.36796760559082,24.896409385826257,25469.02680170026,396.1528835359495
470,409.0026935059577,3700044424.0,9337272832.0,24.903092010456835,25475.86312669734,0.25062981247901917,0.0003698775510204082,8.6960129737854,12.1171875,5.121030807495117,24.903092010456835,25475.86312669734,409.0026935059577
480,421.8542961778585,3700044424.0,9337272832.0,24.899618216462624,25472.309435441264,0.34222736954689026,0.0003690612244897959,8.6960129737854,12.1171875,5.318650722503662,24.899618216462624,25472.309435441264,421.8542961778585
490,434.7106520968955,3700044424.0,9337272832.0,24.890412338861967,25462.891822655794,0.29004302620887756,0.00036824489795918373,8.6960129737854,12.1171875,5.21992301940918,24.890412338861967,25462.891822655794,434.7106520968955
500,447.5507012140006,3700044424.0,9337272832.0,24.922023045356326,25495.22957539952,0.277172714471817,0.00036742857142857145,8.6960129737854,12.1171875,5.281486511230469,24.922023045356326,25495.22957539952,447.5507012140006
500.0,,,,,,,,,,,,,
510,464.3751439319458,3700044424.0,10347533312.0,19.01994647696017,19457.40524593025,0.2830694913864136,0.0003666122448979592,9.63689136505127,12.310546875,5.154213905334473,19.01994647696017,19457.40524593025,464.3751439319458
520,477.2295417150017,3700044424.0,10347533312.0,24.89420394487946,25466.770635611687,0.2398308515548706,0.00036579591836734694,9.63689136505127,12.310546875,5.0663251876831055,24.89420394487946,25466.770635611687,477.2295417150017
530,490.07390495203435,3700044424.0,10347533312.0,24.91365232317481,25486.66632660783,0.2989973723888397,0.0003649795918367347,9.63689136505127,12.310546875,5.336233615875244,24.91365232317481,25486.66632660783,490.07390495203435
540,502.92555005685426,3700044424.0,10347533312.0,24.899536004148334,25472.225332243746,0.26233604550361633,0.0003641632653061225,9.63689136505127,12.310546875,5.104849338531494,24.899536004148334,25472.225332243746,502.92555005685426
550,515.7802217968274,3700044424.0,10347533312.0,24.893673403181662,25466.22789145484,0.36867427825927734,0.00036334693877551025,9.63689136505127,12.310546875,5.085378170013428,24.893673403181662,25466.22789145484,515.7802217968274
560,528.6302136420272,3700044424.0,10347533312.0,24.902739539055595,25475.502548453875,0.7473544478416443,0.00036253061224489797,9.63689136505127,12.310546875,5.114718437194824,24.902739539055595,25475.502548453875,528.6302136420272
570,541.4820182188414,3700044424.0,10347533312.0,24.899227037525076,25471.90925938815,0.2611390948295593,0.00036171428571428574,9.63689136505127,12.310546875,5.023800849914551,24.899227037525076,25471.90925938815,541.4820182188414
580,554.311165449908,3700044424.0,10347533312.0,24.943201152536435,25516.89477904477,0.2883511185646057,0.0003608979591836735,9.63689136505127,12.310546875,5.07391881942749,24.943201152536435,25516.89477904477,554.311165449908
590,567.1522859868128,3700044424.0,10347533312.0,24.919943635785906,25493.10233940898,0.29232850670814514,0.00036008163265306123,9.63689136505127,12.310546875,5.198281288146973,24.919943635785906,25493.10233940898,567.1522859868128
600,579.9981139628217,3700044424.0,10347533312.0,24.910811556688937,25483.760222492783,0.2685389220714569,0.000359265306122449,9.63689136505127,12.310546875,4.968781471252441,24.910811556688937,25483.760222492783,579.9981139628217
610,592.8393218098208,3700044424.0,10347533312.0,24.919774199806294,25492.92900640184,0.27537801861763,0.0003584489795918367,9.63689136505127,12.310546875,4.9874725341796875,24.919774199806294,25492.92900640184,592.8393218098208
620,605.6900324188173,3700044424.0,10347533312.0,24.901346683192465,25474.07765690589,0.3247795104980469,0.0003576326530612245,9.63689136505127,12.310546875,5.084585666656494,24.901346683192465,25474.07765690589,605.6900324188173
630,618.5391322569922,3700044424.0,10347533312.0,24.90446833086898,25477.271102478964,0.40264269709587097,0.00035681632653061226,9.63689136505127,12.310546875,4.946961879730225,24.90446833086898,25477.271102478964,618.5391322569922
640,631.3834320798051,3700044424.0,10347533312.0,24.91377532558408,25486.792158072512,0.3038399815559387,0.00035600000000000003,9.63689136505127,12.310546875,5.010966777801514,24.91377532558408,25486.792158072512,631.3834320798051
650,644.2349733349402,3700044424.0,10347533312.0,24.899737210285004,25472.431166121558,0.3455624580383301,0.00035518367346938775,9.63689136505127,12.310546875,4.994486331939697,24.899737210285004,25472.431166121558,644.2349733349402
660,657.0785554749891,3700044424.0,10347533312.0,24.91516747513712,25488.216327065275,0.34911805391311646,0.0003543673469387755,9.63689136505127,12.310546875,5.192027568817139,24.91516747513712,25488.216327065275,657.0785554749891
670,669.9295503948815,3700044424.0,10347533312.0,24.900795774548428,25473.51407736304,0.25683096051216125,0.0003535510204081633,9.63689136505127,12.310546875,4.97394323348999,24.900795774548428,25473.51407736304,669.9295503948815
680,682.7759395218454,3700044424.0,10347533312.0,24.90972341234288,25482.647050826767,0.26662784814834595,0.00035273469387755107,9.63689136505127,12.310546875,4.8756842613220215,24.90972341234288,25482.647050826767,682.7759395218454
690,695.6247047409415,3700044424.0,10347533312.0,24.90511691539118,25477.934604445178,0.2470424920320511,0.0003519183673469388,9.63689136505127,12.310546875,4.7576093673706055,24.90511691539118,25477.934604445178,695.6247047409415
700,708.4702130078804,3700044424.0,10347533312.0,24.911431556476483,25484.394482275442,0.35307079553604126,0.00035110204081632656,9.63689136505127,12.310546875,4.824787139892578,24.911431556476483,25484.394482275442,708.4702130078804
710,721.3046545188408,3700044424.0,10347533312.0,24.932911940634412,25506.368915269002,0.2778535783290863,0.0003502857142857143,9.63689136505127,12.310546875,4.952354431152344,24.932911940634412,25506.368915269002,721.3046545188408
720,734.152603165945,3700044424.0,10347533312.0,24.906699800059112,25479.55389546047,0.26011234521865845,0.0003494693877551021,9.63689136505127,12.310546875,4.906527042388916,24.906699800059112,25479.55389546047,734.152603165945
730,747.0032103159465,3700044424.0,10347533312.0,24.90154716152566,25474.28274624075,0.25659623742103577,0.0003486530612244898,9.63689136505127,12.310546875,4.889096736907959,24.90154716152566,25474.28274624075,747.0032103159465
740,759.8556842119433,3700044424.0,10347533312.0,24.89793035873593,25470.582756986856,0.2714918255805969,0.0003478367346938776,9.63689136505127,12.310546875,4.880537509918213,24.89793035873593,25470.582756986856,759.8556842119433
750,772.7065038199071,3700044424.0,10347533312.0,24.901135473234152,25473.861589118536,0.2745209336280823,0.0003470204081632653,9.63689136505127,12.310546875,4.861496925354004,24.901135473234152,25473.861589118536,772.7065038199071
760,785.5574477668852,3700044424.0,10347533312.0,24.900894542867302,25473.61511735325,0.2716928720474243,0.0003462040816326531,9.63689136505127,12.310546875,4.783380031585693,24.900894542867302,25473.61511735325,785.5574477668852
770,798.4042976158671,3700044424.0,10347533312.0,24.908830083770187,25481.7331756969,0.2830771207809448,0.00034538775510204085,9.63689136505127,12.310546875,4.906140327453613,24.908830083770187,25481.7331756969,798.4042976158671
780,811.2454590648413,3700044424.0,10347533312.0,24.919864240595132,25493.02111812882,0.27212998270988464,0.00034457142857142857,9.63689136505127,12.310546875,4.997786998748779,24.919864240595132,25493.02111812882,811.2454590648413
790,824.0886709559709,3700044424.0,10347533312.0,24.915885738910337,25488.951110905276,0.25065878033638,0.00034375510204081634,9.63689136505127,12.310546875,4.774176120758057,24.915885738910337,25488.951110905276,824.0886709559709
800,836.9381454070099,3700044424.0,10347533312.0,24.903742267383187,25476.528339533,0.4645805358886719,0.00034293877551020406,9.63689136505127,12.310546875,4.888230800628662,24.903742267383187,25476.528339533,836.9381454070099
810,849.7933008638211,3700044424.0,10347533312.0,24.892736698135444,25465.269642192558,0.2760787308216095,0.0003421224489795919,9.63689136505127,12.310546875,4.853551864624023,24.892736698135444,25465.269642192558,849.7933008638211
820,862.6426118300296,3700044424.0,10347533312.0,24.904059123601538,25476.852483444374,0.33443528413772583,0.0003413061224489796,9.63689136505127,12.310546875,4.872901916503906,24.904059123601538,25476.852483444374,862.6426118300296
830,875.4891237458214,3700044424.0,10347533312.0,24.90948532158639,25482.40348398288,0.4253556430339813,0.00034048979591836737,9.63689136505127,12.310546875,4.7918477058410645,24.90948532158639,25482.40348398288,875.4891237458214
840,888.3414046128746,3700044424.0,10347533312.0,24.89830430179281,25470.965300734042,0.25124138593673706,0.0003396734693877551,9.63689136505127,12.310546875,4.818068027496338,24.89830430179281,25470.965300734042,888.3414046128746
850,901.1960211920086,3700044424.0,10347533312.0,24.89378022518643,25466.337170365714,0.27191877365112305,0.0003388571428571429,9.63689136505127,12.310546875,4.749390125274658,24.89378022518643,25466.337170365714,901.1960211920086
860,914.0465811619069,3700044424.0,10347533312.0,24.901638586145765,25474.376273627116,0.2936427891254425,0.00033804081632653063,9.63689136505127,12.310546875,4.837815761566162,24.901638586145765,25474.376273627116,914.0465811619069
870,926.9088398469612,3700044424.0,10347533312.0,24.878989595492662,25451.20635618899,0.2521229088306427,0.0003372244897959184,9.63689136505127,12.310546875,4.828662395477295,24.878989595492662,25451.20635618899,926.9088398469612
880,939.7576846398879,3700044424.0,10347533312.0,24.90496267619021,25477.776817742586,0.3382379114627838,0.0003364081632653061,9.63689136505127,12.310546875,4.920539855957031,24.90496267619021,25477.776817742586,939.7576846398879
890,952.6105777160265,3700044424.0,10347533312.0,24.897118345602735,25469.7520675516,0.2749156951904297,0.0003355918367346939,9.63689136505127,12.310546875,4.7638092041015625,24.897118345602735,25469.7520675516,952.6105777160265
900,965.4565412329976,3700044424.0,10347533312.0,24.91054871650855,25483.491336988245,0.2543164789676666,0.00033477551020408167,9.63689136505127,12.310546875,4.762060642242432,24.91054871650855,25483.491336988245,965.4565412329976
910,978.3059725030325,3700044424.0,10347533312.0,24.90382595735918,25476.613954378445,0.2434409260749817,0.00033395918367346944,9.63689136505127,12.310546875,4.793766021728516,24.90382595735918,25476.613954378445,978.3059725030325
920,991.1578555819578,3700044424.0,10347533312.0,24.899074947603612,25471.753671398495,0.2624005973339081,0.00033314285714285716,9.63689136505127,12.310546875,4.659896373748779,24.899074947603612,25471.753671398495,991.1578555819578
930,1004.011669656029,3700044424.0,10347533312.0,24.895334424161934,25467.927115917657,0.2553809881210327,0.00033232653061224493,9.63689136505127,12.310546875,4.821244716644287,24.895334424161934,25467.927115917657,1004.011669656029
940,1016.8632571599446,3700044424.0,10347533312.0,24.899647604041263,25472.339498934212,0.25405222177505493,0.00033151020408163264,9.63689136505127,12.310546875,4.548976421356201,24.899647604041263,25472.339498934212,1016.8632571599446
950,1029.7163822248112,3700044424.0,10347533312.0,24.896668972334535,25469.29235869823,0.2609906494617462,0.0003306938775510204,9.63689136505127,12.310546875,4.760748386383057,24.896668972334535,25469.29235869823,1029.7163822248112
960,1042.5698562869802,3700044424.0,10347533312.0,24.895992978415155,25468.6008169187,0.2718798518180847,0.0003298775510204082,9.63689136505127,12.310546875,4.715557098388672,24.895992978415155,25468.6008169187,1042.5698562869802
970,1055.426341325976,3700044424.0,10347533312.0,24.890162360037728,25462.636094318594,0.28039419651031494,0.0003290612244897959,9.63689136505127,12.310546875,4.6494011878967285,24.890162360037728,25462.636094318594,1055.426341325976
980,1068.2812819038518,3700044424.0,10347533312.0,24.893152796889666,25465.69531121813,0.658743143081665,0.0003282448979591837,9.63689136505127,12.310546875,4.6470818519592285,24.893152796889666,25465.69531121813,1068.2812819038518
990,1081.1335533580277,3700044424.0,10347533312.0,24.898322537066104,25470.983955418622,0.2570946216583252,0.00032742857142857145,9.63689136505127,12.310546875,4.787219524383545,24.898322537066104,25470.983955418622,1081.1335533580277
1000,1093.991534139961,3700044424.0,10347533312.0,24.887266937716298,25459.674077283773,0.26936206221580505,0.0003266122448979592,9.63689136505127,12.310546875,4.625237941741943,24.887266937716298,25459.674077283773,1093.991534139961
1000.0,,,,,,,,,,,,,
1010,1109.2085786128882,3700044424.0,10347533312.0,21.0290507180494,21512.71888456454,0.26836469769477844,0.00032579591836734694,9.63689136505127,12.310546875,4.6470046043396,21.0290507180494,21512.71888456454,1109.2085786128882
1020,1122.0712719038129,3700044424.0,10347533312.0,24.878148981891517,25450.34640847502,0.2673051357269287,0.0003249795918367347,9.63689136505127,12.310546875,4.727222442626953,24.878148981891517,25450.34640847502,1122.0712719038129
1030,1134.9345853039995,3700044424.0,10347533312.0,24.87694966643338,25449.119508761345,0.24956907331943512,0.00032416326530612243,9.63689136505127,12.310546875,4.599046230316162,24.87694966643338,25449.119508761345,1134.9345853039995
1040,1147.7935043948237,3700044424.0,10347533312.0,24.885450926302497,25457.816297607456,0.24829581379890442,0.00032334693877551025,9.63689136505127,12.310546875,4.444860935211182,24.885450926302497,25457.816297607456,1147.7935043948237
1050,1160.6441396689042,3700044424.0,10347533312.0,24.90149266359094,25474.226994853532,0.31892868876457214,0.00032253061224489797,9.63689136505127,12.310546875,4.689518928527832,24.90149266359094,25474.226994853532,1160.6441396689042
1060,1173.5003649308346,3700044424.0,10347533312.0,24.89066529874661,25463.150600617784,0.24969254434108734,0.00032171428571428574,9.63689136505127,12.310546875,4.621374607086182,24.89066529874661,25463.150600617784,1173.5003649308346
1070,1186.3536110189743,3700044424.0,10347533312.0,24.896434550901414,25469.052545572147,0.25209376215934753,0.00032089795918367346,9.63689136505127,12.310546875,4.460871696472168,24.896434550901414,25469.052545572147,1186.3536110189743
1080,1199.2128334098961,3700044424.0,10347533312.0,24.88486397326094,25457.215844645943,0.2393130511045456,0.00032008163265306123,9.63689136505127,12.310546875,4.540353298187256,24.88486397326094,25457.215844645943,1199.2128334098961
1090,1212.0816670188215,3700044424.0,10347533312.0,24.866278461947005,25438.202866571788,0.29581767320632935,0.000319265306122449,9.63689136505127,12.310546875,4.740427017211914,24.866278461947005,25438.202866571788,1212.0816670188215
1100,1224.9430734149646,3700044424.0,10347533312.0,24.88063825554577,25452.892935423322,0.26550358533859253,0.0003184489795918367,9.63689136505127,12.310546875,4.512483596801758,24.88063825554577,25452.892935423322,1224.9430734149646
1110,1237.8130896058865,3700044424.0,10347533312.0,24.8639935842286,25435.865436665856,0.24519552290439606,0.0003176326530612245,9.63689136505127,12.310546875,4.53944730758667,24.8639935842286,25435.865436665856,1237.8130896058865
1120,1250.678336190991,3700044424.0,10347533312.0,24.873211553558257,25445.295419290098,0.25783106684684753,0.00031681632653061227,9.63689136505127,12.310546875,4.421462535858154,24.873211553558257,25445.295419290098,1250.678336190991
1130,1263.5363334869035,3700044424.0,10347533312.0,24.887234974122304,25459.641378527118,0.23877117037773132,0.00031600000000000004,9.63689136505127,12.310546875,4.522974491119385,24.887234974122304,25459.641378527118,1263.5363334869035
1140,1276.3948676208965,3700044424.0,10347533312.0,24.886195943131753,25458.578449823784,0.26510483026504517,0.00031518367346938775,9.63689136505127,12.310546875,4.594316005706787,24.886195943131753,25458.578449823784,1276.3948676208965
1150,1289.2609537048265,3700044424.0,10347533312.0,24.871588602200227,25443.635140050832,0.2856055200099945,0.0003143673469387755,9.63689136505127,12.310546875,4.439985275268555,24.871588602200227,25443.635140050832,1289.2609537048265
1160,1302.1197655489668,3700044424.0,10347533312.0,24.88565847907812,25458.028624096918,0.36841410398483276,0.00031355102040816324,9.63689136505127,12.310546875,4.3972883224487305,24.88565847907812,25458.028624096918,1302.1197655489668
1170,1314.982898178976,3700044424.0,10347533312.0,24.877299271054085,25449.477154288328,0.2516888976097107,0.00031273469387755107,9.63689136505127,12.310546875,4.468696594238281,24.877299271054085,25449.477154288328,1314.982898178976
1180,1327.8368092288729,3700044424.0,10347533312.0,24.895146602291753,25467.734974144463,0.2574339509010315,0.0003119183673469388,9.63689136505127,12.310546875,4.637616157531738,24.895146602291753,25467.734974144463,1327.8368092288729
1190,1340.7027897778898,3700044424.0,10347533312.0,24.87179261470668,25443.843844844934,0.2857216000556946,0.00031110204081632656,9.63689136505127,12.310546875,4.427370548248291,24.87179261470668,25443.843844844934,1340.7027897778898
1200,1353.555432712892,3700044424.0,10347533312.0,24.89760289913046,25470.24776581046,0.24851801991462708,0.0003102857142857143,9.63689136505127,12.310546875,4.403267860412598,24.89760289913046,25470.24776581046,1353.555432712892
1210,1366.4192398968153,3700044424.0,10347533312.0,24.875994752154433,25448.142631453982,0.26972299814224243,0.00030946938775510205,9.63689136505127,12.310546875,4.335244178771973,24.875994752154433,25448.142631453982,1366.4192398968153
1220,1379.2817178280093,3700044424.0,10347533312.0,24.878565523050412,25450.77253008057,0.28556036949157715,0.0003086530612244898,9.63689136505127,12.310546875,4.659628391265869,24.878565523050412,25450.77253008057,1379.2817178280093
1230,1392.1413727868348,3700044424.0,10347533312.0,24.884026906210618,25456.359525053464,0.2516649663448334,0.0003078367346938776,9.63689136505127,12.310546875,4.444979190826416,24.884026906210618,25456.359525053464,1392.1413727868348
1240,1405.0092656018678,3700044424.0,10347533312.0,24.8680964785593,25440.06269756616,0.33153316378593445,0.0003070204081632653,9.63689136505127,12.310546875,4.300353050231934,24.8680964785593,25440.06269756616,1405.0092656018678
1250,1417.871749874903,3700044424.0,10347533312.0,24.87855325668683,25450.759981590625,0.2504253685474396,0.0003062040816326531,9.63689136505127,12.310546875,4.451345920562744,24.87855325668683,25450.759981590625,1417.871749874903
1260,1430.7402808759362,3700044424.0,10347533312.0,24.866863200959457,25438.801054581527,0.27053120732307434,0.00030538775510204085,9.63689136505127,12.310546875,4.465946197509766,24.866863200959457,25438.801054581527,1430.7402808759362
1270,1443.60615537595,3700044424.0,10347533312.0,24.87199762438648,25444.053569747368,0.26348212361335754,0.00030457142857142857,9.63689136505127,12.310546875,4.419486999511719,24.87199762438648,25444.053569747368,1443.60615537595
1280,1456.4745225040242,3700044424.0,10347533312.0,24.867179869454812,25439.125006452272,0.24089010059833527,0.00030375510204081634,9.63689136505127,12.310546875,4.480714797973633,24.867179869454812,25439.125006452272,1456.4745225040242
1290,1469.3451384129003,3700044424.0,10347533312.0,24.86283502402678,25434.680229579397,0.2433776706457138,0.00030293877551020406,9.63689136505127,12.310546875,4.457132339477539,24.86283502402678,25434.680229579397,1469.3451384129003
1300,1482.21116319485,3700044424.0,10347533312.0,24.871707106373588,25443.75636982018,0.24711602926254272,0.00030212244897959183,9.63689136505127,12.310546875,4.397754192352295,24.871707106373588,25443.75636982018,1482.21116319485
1310,1495.0758473558817,3700044424.0,10347533312.0,24.874298971855925,25446.40784820861,0.24235199391841888,0.0003013061224489796,9.63689136505127,12.310546875,4.479317665100098,24.874298971855925,25446.40784820861,1495.0758473558817
1320,1507.946321562864,3700044424.0,10347533312.0,24.863108759924422,25434.960261402684,0.24807925522327423,0.0003004897959183674,9.63689136505127,12.310546875,4.214313983917236,24.863108759924422,25434.960261402684,1507.946321562864
1330,1520.8185264000203,3700044424.0,10347533312.0,24.859765987898136,25431.54060561979,0.253599613904953,0.0002996734693877551,9.63689136505127,12.310546875,4.549191951751709,24.859765987898136,25431.54060561979,1520.8185264000203
1340,1533.6889058130328,3700044424.0,10347533312.0,24.863291883723996,25435.14759704965,0.24938471615314484,0.00029885714285714287,9.63689136505127,12.310546875,4.432718276977539,24.863291883723996,25435.14759704965,1533.6889058130328
1350,1546.5553942068946,3700044424.0,10347533312.0,24.870810916260726,25442.839567334722,0.26600882411003113,0.00029804081632653064,9.63689136505127,12.310546875,4.414649486541748,24.870810916260726,25442.839567334722,1546.5553942068946
1360,1559.4246066119522,3700044424.0,10347533312.0,24.86554654069113,25437.454111127026,0.2487158477306366,0.0002972244897959184,9.63689136505127,12.310546875,4.399691581726074,24.86554654069113,25437.454111127026,1559.4246066119522
1370,1572.2881756948773,3700044424.0,10347533312.0,24.876455199728596,25448.613669322353,0.2656911015510559,0.0002964081632653061,9.63689136505127,12.310546875,4.3224334716796875,24.876455199728596,25448.613669322353,1572.2881756948773
1380,1585.1581984870136,3700044424.0,10347533312.0,24.863980831139084,25435.852390255284,0.24311411380767822,0.0002955918367346939,9.63689136505127,12.310546875,4.402932167053223,24.863980831139084,25435.852390255284,1585.1581984870136
1390,1598.0260887858458,3700044424.0,10347533312.0,24.868101341292967,25440.067672142708,0.2534392476081848,0.0002947755102040816,9.63689136505127,12.310546875,4.439470291137695,24.868101341292967,25440.067672142708,1598.0260887858458
1400,1610.8958566139918,3700044424.0,10347533312.0,24.86447341343366,25436.356301942636,0.2576276361942291,0.00029395918367346944,9.63689136505127,12.310546875,4.347562313079834,24.86447341343366,25436.356301942636,1610.8958566139918
1410,1623.768975046929,3700044424.0,10347533312.0,24.858001708525208,25429.735747821287,0.27572327852249146,0.00029314285714285716,9.63689136505127,12.310546875,4.179501533508301,24.858001708525208,25429.735747821287,1623.768975046929
1420,1636.6353877389338,3700044424.0,10347533312.0,24.870957248157282,25442.9892648649,0.24038824439048767,0.00029232653061224493,9.63689136505127,12.310546875,4.329319000244141,24.870957248157282,25442.9892648649,1636.6353877389338
1430,1649.5009691598825,3700044424.0,10347533312.0,24.87256421065832,25444.633187503463,0.24342192709445953,0.00029151020408163265,9.63689136505127,12.310546875,4.421035289764404,24.87256421065832,25444.633187503463,1649.5009691598825
1440,1662.3625215420034,3700044424.0,10347533312.0,24.880355846067175,25452.60403052672,0.262187659740448,0.0002906938775510204,9.63689136505127,12.310546875,4.362354278564453,24.880355846067175,25452.60403052672,1662.3625215420034
1450,1675.231382863829,3700044424.0,10347533312.0,24.86622491278862,25438.14808578276,0.2747616767883301,0.0002898775510204082,9.63689136505127,12.310546875,4.396521091461182,24.86622491278862,25438.14808578276,1675.231382863829
1460,1688.1018427708186,3700044424.0,10347533312.0,24.86313638459912,25434.9885214449,0.2516400218009949,0.0002890612244897959,9.63689136505127,12.310546875,4.531461715698242,24.86313638459912,25434.9885214449,1688.1018427708186
1470,1700.9662029210012,3700044424.0,10347533312.0,24.87492547349565,25447.048759386053,0.263617604970932,0.0002882448979591837,9.63689136505127,12.310546875,4.292821407318115,24.87492547349565,25447.048759386053,1700.9662029210012
1480,1713.8357660369948,3700044424.0,10347533312.0,24.864868924907277,25436.760910180143,0.26866185665130615,0.0002874285714285714,9.63689136505127,12.310546875,4.304871559143066,24.864868924907277,25436.760910180143,1713.8357660369948
1490,1726.7010106358211,3700044424.0,10347533312.0,24.87321539375873,25445.29934781518,0.24907103180885315,0.0002866122448979592,9.63689136505127,12.310546875,4.357303619384766,24.87321539375873,25445.29934781518,1726.7010106358211
1500,1739.5718051639851,3700044424.0,10347533312.0,24.86248998069028,25434.32725024616,0.24943597614765167,0.00028579591836734694,9.63689136505127,12.310546875,4.306467056274414,24.86248998069028,25434.32725024616,1739.5718051639851
1500.0,,,,,,,,,,,,,
1510,1754.7909383110236,3700044424.0,10347533312.0,21.026164690744466,21509.766478631587,0.252777099609375,0.0002849795918367347,9.63689136505127,12.310546875,4.379608631134033,21.026164690744466,21509.766478631587,1754.7909383110236
1520,1767.6713633588515,3700044424.0,10347533312.0,24.84390063307451,25415.310347635226,0.25725409388542175,0.00028416326530612243,9.63689136505127,12.310546875,4.198876857757568,24.84390063307451,25415.310347635226,1767.6713633588515
1530,1780.5455889329314,3700044424.0,10347533312.0,24.8558640019689,25427.548874014185,0.26529303193092346,0.0002833469387755102,9.63689136505127,12.310546875,4.208103179931641,24.8558640019689,25427.548874014185,1780.5455889329314
1540,1793.4203438300174,3700044424.0,10347533312.0,24.854842096638922,25426.50346486162,0.23225858807563782,0.000282530612244898,9.63689136505127,12.310546875,4.292862892150879,24.854842096638922,25426.50346486162,1793.4203438300174
1550,1806.2970529408194,3700044424.0,10347533312.0,24.85107004021375,25422.644651138668,0.29157358407974243,0.00028171428571428575,9.63689136505127,12.310546875,4.373112201690674,24.85107004021375,25422.644651138668,1806.2970529408194
1560,1819.1736336168833,3700044424.0,10347533312.0,24.851317911970508,25422.89822394583,0.2549714148044586,0.00028089795918367346,9.63689136505127,12.310546875,4.348387718200684,24.851317911970508,25422.89822394583,1819.1736336168833
1570,1832.0482917129993,3700044424.0,10347533312.0,24.855028973277047,25426.69463966242,0.25285065174102783,0.00028008163265306124,9.63689136505127,12.310546875,4.194354057312012,24.855028973277047,25426.69463966242,1832.0482917129993
1580,1844.9217069100123,3700044424.0,10347533312.0,24.857428670074317,25429.149529486025,0.28133994340896606,0.000279265306122449,9.63689136505127,12.310546875,4.319952487945557,24.857428670074317,25429.149529486025,1844.9217069100123
1590,1857.8007952978369,3700044424.0,10347533312.0,24.846479064660816,25417.948083148014,0.24288713932037354,0.0002784489795918368,9.63689136505127,12.310546875,4.343516826629639,24.846479064660816,25417.948083148014,1857.8007952978369
1600,1870.676589392824,3700044424.0,10347533312.0,24.852836076695414,25424.45130645941,0.2486058920621872,0.0002776326530612245,9.63689136505127,12.310546875,4.248722076416016,24.852836076695414,25424.45130645941,1870.676589392824
1610,1883.5547578809783,3700044424.0,10347533312.0,24.84825387199645,25419.763711052372,0.2550961673259735,0.00027681632653061227,9.63689136505127,12.310546875,4.286121845245361,24.84825387199645,25419.763711052372,1883.5547578809783
1620,1896.4375597599428,3700044424.0,10347533312.0,24.839317021750272,25410.62131325053,0.2513323724269867,0.000276,9.63689136505127,12.310546875,4.267784118652344,24.839317021750272,25410.62131325053,1896.4375597599428
1630,1909.321871808963,3700044424.0,10347533312.0,24.83640560571006,25407.64293464139,0.2442704290151596,0.00027518367346938776,9.63689136505127,12.310546875,4.259768486022949,24.83640560571006,25407.64293464139,1909.321871808963
1640,1922.2000852909405,3700044424.0,10347533312.0,24.84816705731925,25419.674899637594,0.26820844411849976,0.00027436734693877553,9.63689136505127,12.310546875,4.353534698486328,24.84816705731925,25419.674899637594,1922.2000852909405
1650,1935.075868298998,3700044424.0,10347533312.0,24.852857476686662,25424.473198650456,0.2636851966381073,0.00027355102040816325,9.63689136505127,12.310546875,4.390042781829834,24.852857476686662,25424.473198650456,1935.075868298998
1660,1947.9571130790282,3700044424.0,10347533312.0,24.842319625514655,25413.692976901493,0.2571113407611847,0.000272734693877551,9.63689136505127,12.310546875,4.239248275756836,24.842319625514655,25413.692976901493,1947.9571130790282
1670,1960.8376689699944,3700044424.0,10347533312.0,24.843648264003292,25415.05217407537,0.28548964858055115,0.0002719183673469388,9.63689136505127,12.310546875,4.29168176651001,24.843648264003292,25415.05217407537,1960.8376689699944
1680,1973.7191937039606,3700044424.0,10347533312.0,24.84177972784687,25413.14066158735,0.25106239318847656,0.00027110204081632656,9.63689136505127,12.310546875,4.33315372467041,24.84177972784687,25413.14066158735,1973.7191937039606
1690,1986.5937404178549,3700044424.0,10347533312.0,24.855244002855297,25426.914614920966,0.2580112814903259,0.0002702857142857143,9.63689136505127,12.310546875,4.275771617889404,24.855244002855297,25426.914614920966,1986.5937404178549
1700,1999.4749880810268,3700044424.0,10347533312.0,24.84231406518902,25413.687288688365,0.2608007490634918,0.00026946938775510205,9.63689136505127,12.310546875,4.397604942321777,24.84231406518902,25413.687288688365,1999.4749880810268
1710,2012.3560160628986,3700044424.0,10347533312.0,24.84273774192212,25414.12070998633,0.24069757759571075,0.00026865306122448977,9.63689136505127,12.310546875,4.232822895050049,24.84273774192212,25414.12070998633,2012.3560160628986
1720,2025.2333247598726,3700044424.0,10347533312.0,24.849912938345117,25421.460935927054,0.2499886006116867,0.0002678367346938776,9.63689136505127,12.310546875,4.194354057312012,24.849912938345117,25421.460935927054,2025.2333247598726
1730,2038.1119265169837,3700044424.0,10347533312.0,24.84741791346326,25418.908525472918,0.2642937898635864,0.0002670204081632653,9.63689136505127,12.310546875,4.181401252746582,24.84741791346326,25418.908525472918,2038.1119265169837
1740,2050.99008182995,3700044424.0,10347533312.0,24.848279293370798,25419.78971711833,0.2418842315673828,0.0002662040816326531,9.63689136505127,12.310546875,4.206355571746826,24.848279293370798,25419.78971711833,2050.99008182995
1750,2063.871540998807,3700044424.0,10347533312.0,24.841906169578397,25413.2700114787,0.25088566541671753,0.0002653877551020408,9.63689136505127,12.310546875,4.270251750946045,24.841906169578397,25413.2700114787,2063.871540998807
1760,2076.7540890248492,3700044424.0,10347533312.0,24.839806484953154,25411.122034107077,0.2572024464607239,0.00026457142857142863,9.63689136505127,12.310546875,4.131458759307861,24.839806484953154,25411.122034107077,2076.7540890248492
1770,2089.632431364851,3700044424.0,10347533312.0,24.847918431709772,25419.4205556391,0.2507362961769104,0.00026375510204081635,9.63689136505127,12.310546875,4.1936211585998535,24.847918431709772,25419.4205556391,2089.632431364851
1780,2102.5135657538194,3700044424.0,10347533312.0,24.84253252369249,25413.910771737417,0.2772458493709564,0.0002629387755102041,9.63689136505127,12.310546875,4.235403537750244,24.84253252369249,25413.910771737417,2102.5135657538194
1790,2115.3915361529216,3700044424.0,10347533312.0,24.84863608805229,25420.154718077494,0.25203216075897217,0.00026212244897959184,9.63689136505127,12.310546875,4.345286846160889,24.84863608805229,25420.154718077494,2115.3915361529216
1800,2128.274004783947,3700044424.0,10347533312.0,24.839959573379456,25411.278643567184,0.254518061876297,0.0002613061224489796,9.63689136505127,12.310546875,4.262038707733154,24.839959573379456,25411.278643567184,2128.274004783947
1810,2141.1523618500214,3700044424.0,10347533312.0,24.847890018749357,25419.391489180594,0.26743048429489136,0.0002604897959183674,9.63689136505127,12.310546875,4.238950252532959,24.847890018749357,25419.391489180594,2141.1523618500214
1820,2154.0359295699745,3700044424.0,10347533312.0,24.83784049230457,25409.110823627572,0.24972441792488098,0.0002596734693877551,9.63689136505127,12.310546875,4.22075080871582,24.83784049230457,25409.110823627572,2154.0359295699745
1830,2166.917711802991,3700044424.0,10347533312.0,24.841283155666623,25412.632668246955,0.25591644644737244,0.00025885714285714287,9.63689136505127,12.310546875,4.310275554656982,24.841283155666623,25412.632668246955,2166.917711802991
1840,2179.8013318600133,3700044424.0,10347533312.0,24.837739593662143,25409.00760431637,0.2572067975997925,0.0002580408163265306,9.63689136505127,12.310546875,4.124897003173828,24.837739593662143,25409.00760431637,2179.8013318600133
1850,2192.6862777068745,3700044424.0,10347533312.0,24.835183927292327,25406.393157620052,0.2410912811756134,0.0002572244897959184,9.63689136505127,12.310546875,4.232789516448975,24.835183927292327,25406.393157620052,2192.6862777068745
1860,2205.56848160387,3700044424.0,10347533312.0,24.840470043687933,25411.800854692756,0.25690534710884094,0.00025640816326530613,9.63689136505127,12.310546875,4.270163059234619,24.840470043687933,25411.800854692756,2205.56848160387
1870,2218.447832989972,3700044424.0,10347533312.0,24.845971695850412,25417.429044854973,0.23907792568206787,0.0002555918367346939,9.63689136505127,12.310546875,4.118027210235596,24.845971695850412,25417.429044854973,2218.447832989972
1880,2231.328490103828,3700044424.0,10347533312.0,24.843453029719768,25414.852449403323,0.2631358206272125,0.0002547755102040816,9.63689136505127,12.310546875,4.271728515625,24.843453029719768,25414.852449403323,2231.328490103828
1890,2244.2149481528904,3700044424.0,10347533312.0,24.83226956403872,25403.411764011613,0.24246111512184143,0.0002539591836734694,9.63689136505127,12.310546875,4.216773986816406,24.83226956403872,25403.411764011613,2244.2149481528904
1900,2257.0983820748515,3700044424.0,10347533312.0,24.83809844008496,25409.374704206915,0.2571306526660919,0.00025314285714285716,9.63689136505127,12.310546875,3.997316837310791,24.83809844008496,25409.374704206915,2257.0983820748515
1910,2269.9812227899674,3700044424.0,10347533312.0,24.8392421420326,25410.54471129935,0.2577812075614929,0.00025232653061224493,9.63689136505127,12.310546875,4.198419570922852,24.8392421420326,25410.54471129935,2269.9812227899674
1920,2282.8631482459605,3700044424.0,10347533312.0,24.84100696694583,25412.350127185586,0.24708379805088043,0.00025151020408163265,9.63689136505127,12.310546875,4.171730041503906,24.84100696694583,25412.350127185586,2282.8631482459605
1930,2295.7417293468025,3700044424.0,10347533312.0,24.84745776684039,25418.949295477716,0.28253114223480225,0.0002506938775510204,9.63689136505127,12.310546875,4.030552387237549,24.84745776684039,25418.949295477716,2295.7417293468025
1940,2308.6257594989147,3700044424.0,10347533312.0,24.836949015331065,25408.19884268368,0.2522214949131012,0.0002498775510204082,9.63689136505127,12.310546875,4.170461177825928,24.836949015331065,25408.19884268368,2308.6257594989147
1950,2321.5150826019235,3700044424.0,10347533312.0,24.826749817862932,25397.765063673778,0.2515271008014679,0.00024906122448979597,9.63689136505127,12.310546875,4.21898078918457,24.826749817862932,25397.765063673778,2321.5150826019235
1960,2334.4041626078542,3700044424.0,10347533312.0,24.827218067756295,25398.24408331469,0.24671128392219543,0.0002482448979591837,9.63689136505127,12.310546875,4.194405555725098,24.827218067756295,25398.24408331469,2334.4041626078542
1970,2347.29210042092,3700044424.0,10347533312.0,24.82941837875569,25400.49500146707,0.2520846426486969,0.00024742857142857146,9.63689136505127,12.310546875,4.159179210662842,24.82941837875569,25400.49500146707,2347.29210042092
1980,2360.177263414953,3700044424.0,10347533312.0,24.834765392428164,25405.96499645401,0.242434561252594,0.0002466122448979592,9.63689136505127,12.310546875,4.264919757843018,24.834765392428164,25405.96499645401,2360.177263414953
1990,2373.063371538883,3700044424.0,10347533312.0,24.83294388984238,25404.101599308757,0.2474413812160492,0.00024579591836734695,9.63689136505127,12.310546875,4.249297142028809,24.83294388984238,25404.101599308757,2373.063371538883
2000,2385.946374143008,3700044424.0,10347533312.0,24.838930009805146,25410.225400030664,0.23285429179668427,0.0002449795918367347,9.63689136505127,12.310546875,4.155720233917236,24.838930009805146,25410.225400030664,2385.946374143008
2000.0,,,,,,,,,,,,,
2010,2401.187656041933,3700044424.0,10347533312.0,20.995609301247068,21478.50831517575,0.24252165853977203,0.00024416326530612244,9.63689136505127,12.310546875,4.122264862060547,20.995609301247068,21478.50831517575,2401.187656041933
2020,2414.0810264539905,3700044424.0,10347533312.0,24.81895654690501,25389.792547483823,0.2955586314201355,0.0002433469387755102,9.63689136505127,12.310546875,3.9552688598632812,24.81895654690501,25389.792547483823,2414.0810264539905
2030,2426.969404891832,3700044424.0,10347533312.0,24.82856951658514,25399.6266154666,0.24763405323028564,0.000242530612244898,9.63689136505127,12.310546875,4.013892650604248,24.82856951658514,25399.6266154666,2426.969404891832
2040,2439.862400055863,3700044424.0,10347533312.0,24.819678897633885,25390.531512279467,0.24891634285449982,0.00024171428571428575,9.63689136505127,12.310546875,4.207328796386719,24.819678897633885,25390.531512279467,2439.862400055863
2050,2452.7503394659143,3700044424.0,10347533312.0,24.82941530206383,25400.4918540113,0.2459823042154312,0.0002408979591836735,9.63689136505127,12.310546875,4.097743511199951,24.82941530206383,25400.4918540113,2452.7503394659143
2060,2465.6400581868365,3700044424.0,10347533312.0,24.8259878224173,25396.9855423329,0.2686765193939209,0.00024008163265306124,9.63689136505127,12.310546875,4.022757053375244,24.8259878224173,25396.9855423329,2465.6400581868365
2070,2478.53094121092,3700044424.0,10347533312.0,24.82374554188092,25394.69168934418,0.23717261850833893,0.00023926530612244898,9.63689136505127,12.310546875,4.133343696594238,24.82374554188092,25394.69168934418,2478.53094121092
2080,2491.4164889738895,3700044424.0,10347533312.0,24.834023813843295,25405.206361561693,0.2510960102081299,0.00023844897959183676,9.63689136505127,12.310546875,4.1923322677612305,24.834023813843295,25405.206361561693,2491.4164889738895
2090,2504.302040400915,3700044424.0,10347533312.0,24.834016752193627,25405.19913749408,0.23663489520549774,0.0002376326530612245,9.63689136505127,12.310546875,4.090845108032227,24.834016752193627,25405.19913749408,2504.302040400915
2100,2517.1938959988765,3700044424.0,10347533312.0,24.821872814848668,25392.77588959019,0.23844419419765472,0.00023681632653061225,9.63689136505127,12.310546875,4.175260066986084,24.821872814848668,25392.77588959019,2517.1938959988765
2110,2530.0821870658547,3700044424.0,10347533312.0,24.828737831650265,25399.798801778223,0.2461128830909729,0.000236,9.63689136505127,12.310546875,4.149912357330322,24.828737831650265,25399.798801778223,2530.0821870658547
2120,2542.970948755974,3700044424.0,10347533312.0,24.827831229536724,25398.871347816068,0.2525925636291504,0.0002351836734693878,9.63689136505127,12.310546875,4.10405969619751,24.827831229536724,25398.871347816068,2542.970948755974
2130,2555.854444209952,3700044424.0,10347533312.0,24.83797981247361,25409.2533481605,0.27363523840904236,0.00023436734693877553,9.63689136505127,12.310546875,4.10678243637085,24.83797981247361,25409.2533481605,2555.854444209952
2140,2568.7402300778776,3700044424.0,10347533312.0,24.83356492804357,25404.736921388576,0.28227946162223816,0.00023355102040816328,9.63689136505127,12.310546875,4.094746112823486,24.83356492804357,25404.736921388576,2568.7402300778776
2150,2581.628321189899,3700044424.0,10347533312.0,24.829123042241704,25400.192872213265,0.28559353947639465,0.00023273469387755102,9.63689136505127,12.310546875,4.011574745178223,24.829123042241704,25400.192872213265,2581.628321189899
2160,2594.5167366478126,3700044424.0,10347533312.0,24.828498200181457,25399.553658785633,0.2606067657470703,0.00023191836734693877,9.63689136505127,12.310546875,3.989938497543335,24.828498200181457,25399.553658785633,2594.5167366478126
2170,2607.41093805898,3700044424.0,10347533312.0,24.817357027078902,25388.156238701715,0.2532845139503479,0.00023110204081632657,9.63689136505127,12.310546875,4.117537975311279,24.817357027078902,25388.156238701715,2607.41093805898
2180,2620.3008875099476,3700044424.0,10347533312.0,24.82554343733078,25396.53093638939,0.3131023645401001,0.0002302857142857143,9.63689136505127,12.310546875,4.10123348236084,24.82554343733078,25396.53093638939,2620.3008875099476
2190,2633.190922345966,3700044424.0,10347533312.0,24.825378990119415,25396.362706892163,0.2590094804763794,0.00022946938775510206,9.63689136505127,12.310546875,4.099067687988281,24.825378990119415,25396.362706892163,2633.190922345966
2200,2646.085277591832,3700044424.0,10347533312.0,24.81706094630801,25387.853348073095,0.25178784132003784,0.0002286530612244898,9.63689136505127,12.310546875,4.25016975402832,24.81706094630801,25387.853348073095,2646.085277591832
2210,2658.97982203681,3700044424.0,10347533312.0,24.816696810457973,25387.48083709851,0.2429247945547104,0.00022783673469387755,9.63689136505127,12.310546875,4.042104721069336,24.816696810457973,25387.48083709851,2658.97982203681
2220,2671.874259867007,3700044424.0,10347533312.0,24.8169020017772,25387.690747818076,0.2520761787891388,0.00022702040816326532,9.63689136505127,12.310546875,4.063891887664795,24.8169020017772,25387.690747818076,2671.874259867007
2230,2684.770966280019,3700044424.0,10347533312.0,24.812536608349813,25383.224950341857,0.30262991786003113,0.0002262040816326531,9.63689136505127,12.310546875,4.050004005432129,24.812536608349813,25383.224950341857,2684.770966280019
2240,2697.670661361888,3700044424.0,10347533312.0,24.806787910031176,25377.344031961893,0.24893762171268463,0.00022538775510204083,9.63689136505127,12.310546875,4.118592262268066,24.806787910031176,25377.344031961893,2697.670661361888
2250,2710.5644004719798,3700044424.0,10347533312.0,24.81824684583091,25389.06652328502,0.24473880231380463,0.00022457142857142858,9.63689136505127,12.310546875,4.106198787689209,24.81824684583091,25389.06652328502,2710.5644004719798
2260,2723.463447266957,3700044424.0,10347533312.0,24.80803466226743,25378.619459499583,0.2545413374900818,0.00022375510204081635,9.63689136505127,12.310546875,4.063513278961182,24.80803466226743,25378.619459499583,2723.463447266957
2270,2736.3557812129147,3700044424.0,10347533312.0,24.820951841720458,25391.833734080028,0.2586855888366699,0.0002229387755102041,9.63689136505127,12.310546875,4.092156410217285,24.820951841720458,25391.833734080028,2736.3557812129147
2280,2749.2528736009263,3700044424.0,10347533312.0,24.811794036418302,25382.465299255924,0.24912452697753906,0.00022212244897959184,9.63689136505127,12.310546875,4.035617351531982,24.811794036418302,25382.465299255924,2749.2528736009263
2290,2762.1518891809974,3700044424.0,10347533312.0,24.80809469634234,25378.680874358215,0.24187280237674713,0.00022130612244897958,9.63689136505127,12.310546875,4.134085178375244,24.80809469634234,25378.680874358215,2762.1518891809974
2300,2775.054753114935,3700044424.0,10347533312.0,24.800695538478347,25371.111535863347,0.24497869610786438,0.00022048979591836733,9.63689136505127,12.310546875,3.8858656883239746,24.800695538478347,25371.111535863347,2775.054753114935
2310,2787.9543931179214,3700044424.0,10347533312.0,24.806893830053884,25377.452388145124,0.2454843968153,0.00021967346938775513,9.63689136505127,12.310546875,4.083673477172852,24.806893830053884,25377.452388145124,2787.9543931179214
2320,2800.849390552845,3700044424.0,10347533312.0,24.815825021674403,25386.588997172916,0.2497696727514267,0.00021885714285714287,9.63689136505127,12.310546875,4.229641914367676,24.815825021674403,25386.588997172916,2800.849390552845
2330,2813.7466506618075,3700044424.0,10347533312.0,24.811471374266798,25382.135215874936,0.24697551131248474,0.00021804081632653062,9.63689136505127,12.310546875,4.123827934265137,24.811471374266798,25382.135215874936,2813.7466506618075
2340,2826.6417278710287,3700044424.0,10347533312.0,24.815671500684754,25386.431945200504,0.280075341463089,0.00021722448979591836,9.63689136505127,12.310546875,3.957899808883667,24.815671500684754,25386.431945200504,2826.6417278710287
2350,2839.5411195729394,3700044424.0,10347533312.0,24.807371339270357,25377.940880073576,0.23708127439022064,0.00021640816326530616,9.63689136505127,12.310546875,4.033112525939941,24.807371339270357,25377.940880073576,2839.5411195729394
2360,2852.441241011955,3700044424.0,10347533312.0,24.805968030051478,25376.505294742663,0.23757237195968628,0.0002155918367346939,9.63689136505127,12.310546875,4.049413204193115,24.805968030051478,25376.505294742663,2852.441241011955
2370,2865.3396836319007,3700044424.0,10347533312.0,24.809196693650392,25379.808217604354,0.24768787622451782,0.00021477551020408165,9.63689136505127,12.310546875,4.091386318206787,24.809196693650392,25379.808217604354,2865.3396836319007
2380,2878.23976874887,3700044424.0,10347533312.0,24.806037874824245,25376.5767459452,0.25426435470581055,0.0002139591836734694,9.63689136505127,12.310546875,4.059840679168701,24.806037874824245,25376.5767459452,2878.23976874887
2390,2891.1410155720077,3700044424.0,10347533312.0,24.8038041893826,25374.2916857384,0.2666734755039215,0.00021314285714285714,9.63689136505127,12.310546875,4.076493740081787,24.8038041893826,25374.2916857384,2891.1410155720077
2400,2904.040258661844,3700044424.0,10347533312.0,24.807657144793463,25378.233259123714,0.23843680322170258,0.0002123265306122449,9.63689136505127,12.310546875,4.193545818328857,24.807657144793463,25378.233259123714,2904.040258661844
2410,2916.9415798669215,3700044424.0,10347533312.0,24.80366118425566,25374.145391493537,0.2375613898038864,0.00021151020408163266,9.63689136505127,12.310546875,4.09660005569458,24.80366118425566,25374.145391493537,2916.9415798669215
2420,2929.843979392899,3700044424.0,10347533312.0,24.80158821277488,25372.0247416687,0.26624852418899536,0.0002106938775510204,9.63689136505127,12.310546875,3.9890971183776855,24.80158821277488,25372.0247416687,2929.843979392899
2430,2942.749088184908,3700044424.0,10347533312.0,24.796381429821967,25366.698202707874,0.24396885931491852,0.00020987755102040817,9.63689136505127,12.310546875,3.999685049057007,24.796381429821967,25366.698202707874,2942.749088184908
2440,2955.6524544949643,3700044424.0,10347533312.0,24.79972995501232,25370.123743977605,0.24588531255722046,0.00020906122448979594,9.63689136505127,12.310546875,4.0285563468933105,24.79972995501232,25370.123743977605,2955.6524544949643
2450,2968.5576284558047,3700044424.0,10347533312.0,24.796256212509277,25366.570105396993,0.23804065585136414,0.0002082448979591837,9.63689136505127,12.310546875,4.114275932312012,24.796256212509277,25366.570105396993,2968.5576284558047
2460,2981.458874210017,3700044424.0,10347533312.0,24.80380624448789,25374.293788111114,0.468241810798645,0.00020742857142857143,9.63689136505127,12.310546875,4.011258602142334,24.80380624448789,25374.293788111114,2981.458874210017
2470,2994.3664703199174,3700044424.0,10347533312.0,24.79160312078154,25361.80999255952,0.250880628824234,0.00020661224489795918,9.63689136505127,12.310546875,3.877519130706787,24.79160312078154,25361.80999255952,2994.3664703199174
2480,3007.2715749929193,3700044424.0,10347533312.0,24.796389344245693,25366.706299163347,0.26141154766082764,0.00020579591836734692,9.63689136505127,12.310546875,3.968258857727051,24.796389344245693,25366.706299163347,3007.2715749929193
2490,3020.17985951202,3700044424.0,10347533312.0,24.79028096463877,25360.457426825462,0.28545400500297546,0.00020497959183673472,9.63689136505127,12.310546875,3.9269845485687256,24.79028096463877,25360.457426825462,3020.17985951202
2500,3033.0853822599165,3700044424.0,10347533312.0,24.795586064280485,25365.884543758933,0.24224106967449188,0.00020416326530612247,9.63689136505127,12.310546875,4.0730767250061035,24.795586064280485,25365.884543758933,3033.0853822599165
2500.0,,,,,,,,,,,,,
2510,3048.344494096935,3700044424.0,10347533312.0,20.971076391463807,21453.411148467476,0.2896623909473419,0.0002033469387755102,9.63689136505127,12.310546875,4.017279148101807,20.971076391463807,21453.411148467476,3048.344494096935
2520,3061.2493329958525,3700044424.0,10347533312.0,24.796900023822744,25367.228724370667,0.24140280485153198,0.00020253061224489796,9.63689136505127,12.310546875,3.903111219406128,24.796900023822744,25367.228724370667,3061.2493329958525
2530,3074.15348579688,3700044424.0,10347533312.0,24.798218444415763,25368.577468637326,0.23925074934959412,0.00020171428571428575,9.63689136505127,12.310546875,4.153441429138184,24.798218444415763,25368.577468637326,3074.15348579688
2540,3087.062013031915,3700044424.0,10347533312.0,24.789814838945567,25359.980580241314,0.2443220168352127,0.0002008979591836735,9.63689136505127,12.310546875,4.051520347595215,24.789814838945567,25359.980580241314,3087.062013031915
2550,3099.968054380035,3700044424.0,10347533312.0,24.79458970946261,25364.86527278025,0.23159515857696533,0.00020008163265306124,9.63689136505127,12.310546875,3.952355146408081,24.79458970946261,25364.86527278025,3099.968054380035
2560,3112.872151375981,3700044424.0,10347533312.0,24.798325686836662,25368.687177633907,0.2552371025085449,0.000199265306122449,9.63689136505127,12.310546875,3.928931713104248,24.798325686836662,25368.687177633907,3112.872151375981
2570,3125.779548113933,3700044424.0,10347533312.0,24.791986060140218,25362.201739523443,0.24562175571918488,0.00019844897959183676,9.63689136505127,12.310546875,3.860018491744995,24.791986060140218,25362.201739523443,3125.779548113933
2580,3138.6827924719546,3700044424.0,10347533312.0,24.79996434393343,25370.3635238439,0.26707524061203003,0.0001976326530612245,9.63689136505127,12.310546875,4.129587650299072,24.79996434393343,25370.3635238439,3138.6827924719546
2590,3151.5962690708693,3700044424.0,10347533312.0,24.7803136164659,25350.260829644616,0.2459636777639389,0.00019681632653061225,9.63689136505127,12.310546875,4.015126705169678,24.7803136164659,25350.260829644616,3151.5962690708693
2600,3164.508589866804,3700044424.0,10347533312.0,24.782531742918728,25352.529973005858,0.23555180430412292,0.000196,9.63689136505127,12.310546875,4.050224781036377,24.782531742918728,25352.529973005858,3164.508589866804
2610,3177.415680730017,3700044424.0,10347533312.0,24.792573585427046,25362.80277789187,0.24163758754730225,0.00019518367346938777,9.63689136505127,12.310546875,4.070093154907227,24.792573585427046,25362.80277789187,3177.415680730017
2620,3190.327769952826,3700044424.0,10347533312.0,24.78297620765489,25352.984660430953,0.24319519102573395,0.0001943673469387755,9.63689136505127,12.310546875,3.986640453338623,24.78297620765489,25352.984660430953,3190.327769952826
2630,3203.2400840639602,3700044424.0,10347533312.0,24.782544573018885,25352.54309819832,0.24807283282279968,0.00019355102040816325,9.63689136505127,12.310546875,4.056264400482178,24.782544573018885,25352.54309819832,3203.2400840639602
2640,3216.15650219284,3700044424.0,10347533312.0,24.774670253552255,25344.487669383958,0.2512572705745697,0.00019273469387755103,9.63689136505127,12.310546875,4.078136920928955,24.774670253552255,25344.487669383958,3216.15650219284
2650,3229.072903045919,3700044424.0,10347533312.0,24.77470338989389,25344.52156786145,0.24660170078277588,0.00019191836734693877,9.63689136505127,12.310546875,4.064442157745361,24.77470338989389,25344.52156786145,3229.072903045919
2660,3241.98776992294,3700044424.0,10347533312.0,24.77764602973639,25347.531888420326,0.26398420333862305,0.00019110204081632654,9.63689136505127,12.310546875,3.974457025527954,24.77764602973639,25347.531888420326,3241.98776992294
2670,3254.897589650005,3700044424.0,10347533312.0,24.787332957804963,25357.44161583448,0.25766390562057495,0.0001902857142857143,9.63689136505127,12.310546875,4.015666961669922,24.787332957804963,25357.44161583448,3254.897589650005
2680,3267.811459332006,3700044424.0,10347533312.0,24.77955933270788,25349.489197360163,0.23368068039417267,0.00018946938775510206,9.63689136505127,12.310546875,3.996264696121216,24.77955933270788,25349.489197360163,3267.811459332006
2690,3280.723654910922,3700044424.0,10347533312.0,24.782772073443496,25352.775831132698,0.24073795974254608,0.0001886530612244898,9.63689136505127,12.310546875,3.8753092288970947,24.782772073443496,25352.775831132698,3280.723654910922
2700,3293.6358381779864,3700044424.0,10347533312.0,24.782795703979545,25352.800005171073,0.2398521900177002,0.00018783673469387758,9.63689136505127,12.310546875,3.98173189163208,24.782795703979545,25352.800005171073,3293.6358381779864
2710,3306.549624111969,3700044424.0,10347533312.0,24.779720032211557,25349.653592952425,0.24212394654750824,0.00018702040816326532,9.63689136505127,12.310546875,3.9537055492401123,24.779720032211557,25349.653592952425,3306.549624111969
2720,3319.4630348938517,3700044424.0,10347533312.0,24.78043991669146,25350.390034775362,0.24819134175777435,0.00018620408163265307,9.63689136505127,12.310546875,4.124734878540039,24.78043991669146,25350.390034775362,3319.4630348938517
2730,3332.371812376892,3700044424.0,10347533312.0,24.789334266580667,25359.488954712026,0.23985835909843445,0.00018538775510204084,9.63689136505127,12.310546875,4.038389682769775,24.789334266580667,25359.488954712026,3332.371812376892
2740,3345.287026973907,3700044424.0,10347533312.0,24.776978934129865,25346.849449614852,0.23956449329853058,0.00018457142857142858,9.63689136505127,12.310546875,3.9555959701538086,24.776978934129865,25346.849449614852,3345.287026973907
2750,3358.1991309009027,3700044424.0,10347533312.0,24.782947985027075,25352.9557886827,0.23797725141048431,0.00018375510204081635,9.63689136505127,12.310546875,3.980846405029297,24.782947985027075,25352.9557886827,3358.1991309009027
2760,3371.110720109893,3700044424.0,10347533312.0,24.783935952453017,25353.96647935944,0.24531665444374084,0.0001829387755102041,9.63689136505127,12.310546875,4.002634525299072,24.783935952453017,25353.96647935944,3371.110720109893
2770,3384.0238023689017,3700044424.0,10347533312.0,24.78107035806697,25351.03497630251,0.24547915160655975,0.00018212244897959184,9.63689136505127,12.310546875,4.027742862701416,24.78107035806697,25351.03497630251,3384.0238023689017
2780,3396.9421675058547,3700044424.0,10347533312.0,24.770936307152198,25340.6678422167,0.24229981005191803,0.0001813061224489796,9.63689136505127,12.310546875,4.015967845916748,24.770936307152198,25340.6678422167,3396.9421675058547
2790,3409.860377874924,3700044424.0,10347533312.0,24.771233077779552,25340.971438568482,0.23320142924785614,0.00018048979591836736,9.63689136505127,12.310546875,3.915553569793701,24.771233077779552,25340.971438568482,3409.860377874924
2800,3422.7764305579476,3700044424.0,10347533312.0,24.775371226272036,25345.204764476293,0.25621193647384644,0.0001796734693877551,9.63689136505127,12.310546875,4.001008033752441,24.775371226272036,25345.204764476293,3422.7764305579476
2810,3435.6940928008407,3700044424.0,10347533312.0,24.77228417828105,25342.046714381515,0.25764116644859314,0.00017885714285714285,9.63689136505127,12.310546875,4.206759452819824,24.77228417828105,25342.046714381515,3435.6940928008407
2820,3448.611590716988,3700044424.0,10347533312.0,24.772599312750348,25342.369096943603,0.23901674151420593,0.00017804081632653062,9.63689136505127,12.310546875,3.9544241428375244,24.772599312750348,25342.369096943603,3448.611590716988
2830,3461.525099182967,3700044424.0,10347533312.0,24.780252465318995,25350.198272021335,0.24937912821769714,0.00017722448979591836,9.63689136505127,12.310546875,4.128183841705322,24.780252465318995,25350.198272021335,3461.525099182967
2840,3474.440023383824,3700044424.0,10347533312.0,24.777536052342004,25347.41938154587,0.24085819721221924,0.00017640816326530614,9.63689136505127,12.310546875,3.9339239597320557,24.777536052342004,25347.41938154587,3474.440023383824
2850,3487.355981561821,3700044424.0,10347533312.0,24.77555250567019,25345.390213300605,0.24560828506946564,0.00017559183673469388,9.63689136505127,12.310546875,4.033154010772705,24.77555250567019,25345.390213300605,3487.355981561821
2860,3500.2780212648213,3700044424.0,10347533312.0,24.763892338583357,25333.461862370776,0.24854998290538788,0.00017477551020408165,9.63689136505127,12.310546875,3.9587037563323975,24.763892338583357,25333.461862370776,3500.2780212648213
2870,3513.19564286503,3700044424.0,10347533312.0,24.772362119264077,25342.12644800715,0.24228157103061676,0.0001739591836734694,9.63689136505127,12.310546875,3.959782838821411,24.772362119264077,25342.12644800715,3513.19564286503
2880,3526.1167578198947,3700044424.0,10347533312.0,24.76566465957528,25335.27494674551,0.23996208608150482,0.00017314285714285717,9.63689136505127,12.310546875,3.9779114723205566,24.76566465957528,25335.27494674551,3526.1167578198947
2890,3539.0342636068817,3700044424.0,10347533312.0,24.77258421841507,25342.353655438616,0.25507795810699463,0.00017232653061224491,9.63689136505127,12.310546875,3.8641552925109863,24.77258421841507,25342.353655438616,3539.0342636068817
2900,3551.952867538901,3700044424.0,10347533312.0,24.77047842660971,25340.199430421733,0.2532351613044739,0.00017151020408163266,9.63689136505127,12.310546875,3.925118923187256,24.77047842660971,25340.199430421733,3551.952867538901
2910,3564.871926711872,3700044424.0,10347533312.0,24.769605566130803,25339.30649415181,0.24267135560512543,0.00017069387755102043,9.63689136505127,12.310546875,3.952617645263672,24.769605566130803,25339.30649415181,3564.871926711872
2920,3577.789543587016,3700044424.0,10347533312.0,24.77237118061219,25342.13571776627,0.24840611219406128,0.00016987755102040818,9.63689136505127,12.310546875,3.951730251312256,24.77237118061219,25342.13571776627,3577.789543587016
2930,3590.713272328023,3700044424.0,10347533312.0,24.760655876708526,25330.15096187282,0.23395609855651855,0.00016906122448979592,9.63689136505127,12.310546875,3.8439574241638184,24.760655876708526,25330.15096187282,3590.713272328023
2940,3603.633389591938,3700044424.0,10347533312.0,24.767577063231276,25337.231335685596,0.24204522371292114,0.0001682448979591837,9.63689136505127,12.310546875,4.015293598175049,24.767577063231276,25337.231335685596,3603.633389591938
2950,3616.554173579905,3700044424.0,10347533312.0,24.76629903402189,25335.923911804395,0.24653756618499756,0.00016742857142857144,9.63689136505127,12.310546875,3.9578020572662354,24.76629903402189,25335.923911804395,3616.554173579905
2960,3629.4743469089735,3700044424.0,10347533312.0,24.767469588047287,25337.121388572377,0.2398952841758728,0.00016661224489795918,9.63689136505127,12.310546875,3.8108556270599365,24.767469588047287,25337.121388572377,3629.4743469089735
2970,3642.3971389660146,3700044424.0,10347533312.0,24.762450605683593,25331.986969614318,0.2399153709411621,0.00016579591836734693,9.63689136505127,12.310546875,4.008176803588867,24.762450605683593,25331.986969614318,3642.3971389660146
2980,3655.314583418891,3700044424.0,10347533312.0,24.772701842642576,25342.473985023356,0.241891548037529,0.0001649795918367347,9.63689136505127,12.310546875,4.01969575881958,24.772701842642576,25342.473985023356,3655.314583418891
2990,3668.2291760549415,3700044424.0,10347533312.0,24.778172182274695,25348.07014246701,0.24692127108573914,0.00016416326530612244,9.63689136505127,12.310546875,4.121435165405273,24.778172182274695,25348.07014246701,3668.2291760549415
3000,3681.144455892034,3700044424.0,10347533312.0,24.77685377601865,25346.72141286708,0.24747705459594727,0.00016334693877551021,9.63689136505127,12.310546875,3.9452836513519287,24.77685377601865,25346.72141286708,3681.144455892034
3000.0,,,,,,,,,,,,,
3010,3696.397124129813,3700044424.0,10347533312.0,20.97993577329591,21462.474296081717,0.2433965802192688,0.00016253061224489796,9.63689136505127,12.310546875,3.984229803085327,20.97993577329591,21462.474296081717,3696.397124129813
3020,3709.3180280479137,3700044424.0,10347533312.0,24.766069156486896,25335.688747086093,0.24060460925102234,0.00016171428571428573,9.63689136505127,12.310546875,3.8940513134002686,24.766069156486896,25335.688747086093,3709.3180280479137
3030,3722.2381880749017,3700044424.0,10347533312.0,24.767495087643997,25337.14747465981,0.24002018570899963,0.00016089795918367347,9.63689136505127,12.310546875,3.9510087966918945,24.767495087643997,25337.14747465981,3722.2381880749017
3040,3735.152970206924,3700044424.0,10347533312.0,24.77780861719401,25347.69821538947,0.310136616230011,0.00016008163265306125,9.63689136505127,12.310546875,3.874375104904175,24.77780861719401,25347.69821538947,3735.152970206924
3050,3748.073907200014,3700044424.0,10347533312.0,24.76600576035022,25335.623892838277,0.24819450080394745,0.000159265306122449,9.63689136505127,12.310546875,3.8716611862182617,24.76600576035022,25335.623892838277,3748.073907200014
3060,3760.996388845844,3700044424.0,10347533312.0,24.763045425045156,25332.595469821197,0.24407753348350525,0.00015844897959183674,9.63689136505127,12.310546875,3.9144506454467773,24.763045425045156,25332.595469821197,3760.996388845844
3070,3773.920958173927,3700044424.0,10347533312.0,24.759045495210316,25328.503541600152,0.2426030933856964,0.0001576326530612245,9.63689136505127,12.310546875,3.8748607635498047,24.759045495210316,25328.503541600152,3773.920958173927
3080,3786.8375821060035,3700044424.0,10347533312.0,24.774275513690927,25344.08385050582,0.24044327437877655,0.00015681632653061225,9.63689136505127,12.310546875,3.9884138107299805,24.774275513690927,25344.08385050582,3786.8375821060035
3090,3799.7554500789847,3700044424.0,10347533312.0,24.771889654647897,25341.6431167048,0.2530558407306671,0.00015600000000000002,9.63689136505127,12.310546875,4.131562232971191,24.771889654647897,25341.6431167048,3799.7554500789847
3100,3812.679538904922,3700044424.0,10347533312.0,24.759966006871743,25329.445225029795,0.24272945523262024,0.00015518367346938777,9.63689136505127,12.310546875,3.9220130443573,24.759966006871743,25329.445225029795,3812.679538904922
3110,3825.598201997811,3700044424.0,10347533312.0,24.770364990487657,25340.083385268874,0.2586769759654999,0.00015436734693877551,9.63689136505127,12.310546875,3.903982400894165,24.770364990487657,25340.083385268874,3825.598201997811
3120,3838.5172380500007,3700044424.0,10347533312.0,24.769649895493576,25339.351843089928,0.24950917065143585,0.00015355102040816326,9.63689136505127,12.310546875,3.9704220294952393,24.769649895493576,25339.351843089928,3838.5172380500007
3130,3851.446317039896,3700044424.0,10347533312.0,24.75040954194041,25319.66896140504,0.2486976683139801,0.00015273469387755103,9.63689136505127,12.310546875,3.9903957843780518,24.75040954194041,25319.66896140504,3851.446317039896
3140,3864.3758060648106,3700044424.0,10347533312.0,24.749624628117015,25318.865994563705,0.2397141307592392,0.00015191836734693877,9.63689136505127,12.310546875,4.028613567352295,24.749624628117015,25318.865994563705,3864.3758060648106
3150,3877.302232382819,3700044424.0,10347533312.0,24.75548864995981,25324.864888908884,0.25683656334877014,0.00015110204081632652,9.63689136505127,12.310546875,3.956599235534668,24.75548864995981,25324.864888908884,3877.302232382819
3160,3890.222865449032,3700044424.0,10347533312.0,24.766588321186422,25336.219852573708,0.2389243096113205,0.0001502857142857143,9.63689136505127,12.310546875,4.040143013000488,24.766588321186422,25336.219852573708,3890.222865449032
3170,3903.148505813908,3700044424.0,10347533312.0,24.75699392577595,25326.404786068797,0.25164148211479187,0.00014946938775510204,9.63689136505127,12.310546875,3.883735179901123,24.75699392577595,25326.404786068797,3903.148505813908
3180,3916.0766024349723,3700044424.0,10347533312.0,24.752290254282766,25321.592930131268,0.24274365603923798,0.0001486530612244898,9.63689136505127,12.310546875,3.8618509769439697,24.752290254282766,25321.592930131268,3916.0766024349723
3190,3929.000918329926,3700044424.0,10347533312.0,24.759530995751884,25329.00020865418,0.23373842239379883,0.00014783673469387755,9.63689136505127,12.310546875,3.865642547607422,24.759530995751884,25329.00020865418,3929.000918329926
3200,3941.930456714006,3700044424.0,10347533312.0,24.749530145176273,25318.769338515325,0.2481103092432022,0.00014702040816326532,9.63689136505127,12.310546875,3.9286155700683594,24.749530145176273,25318.769338515325,3941.930456714006
3210,3954.860736671835,3700044424.0,10347533312.0,24.74811071714236,25317.317263636633,0.24610184133052826,0.00014620408163265307,9.63689136505127,12.310546875,3.9571118354797363,24.74811071714236,25317.317263636633,3954.860736671835
3220,3967.7903561778367,3700044424.0,10347533312.0,24.7493748637744,25318.61048564121,0.2548587918281555,0.0001453877551020408,9.63689136505127,12.310546875,3.988802909851074,24.7493748637744,25318.61048564121,3967.7903561778367
3230,3980.714825592935,3700044424.0,10347533312.0,24.759236895726985,25328.699344328707,0.24500003457069397,0.00014457142857142859,9.63689136505127,12.310546875,3.91007924079895,24.759236895726985,25328.699344328707,3980.714825592935
3240,3993.6418324578553,3700044424.0,10347533312.0,24.754376890475484,25323.72755895642,0.23551028966903687,0.00014375510204081633,9.63689136505127,12.310546875,3.7681546211242676,24.754376890475484,25323.72755895642,3993.6418324578553
3250,4006.5695566288196,3700044424.0,10347533312.0,24.753003372296803,25322.32244985963,0.2414698451757431,0.0001429387755102041,9.63689136505127,12.310546875,3.8082692623138428,24.753003372296803,25322.32244985963,4006.5695566288196
3260,4019.494968464831,3700044424.0,10347533312.0,24.757431643953645,25326.85257176458,0.2517993450164795,0.00014212244897959185,9.63689136505127,12.310546875,3.8327524662017822,24.757431643953645,25326.85257176458,4019.494968464831
3270,4032.425645012874,3700044424.0,10347533312.0,24.747351680405615,25316.540769054944,0.24465137720108032,0.00014130612244897962,9.63689136505127,12.310546875,3.931143045425415,24.747351680405615,25316.540769054944,4032.425645012874
3280,4045.3527131730225,3700044424.0,10347533312.0,24.7542595146592,25323.607483496362,0.2487131655216217,0.00014048979591836736,9.63689136505127,12.310546875,3.9403719902038574,24.7542595146592,25323.607483496362,4045.3527131730225
3290,4058.2784764189273,3700044424.0,10347533312.0,24.756758569083605,25326.164016172526,0.25220951437950134,0.0001396734693877551,9.63689136505127,12.310546875,3.824281692504883,24.756758569083605,25326.164016172526,4058.2784764189273
3300,4071.2045786068775,3700044424.0,10347533312.0,24.7561094092469,25325.49992565958,0.24197092652320862,0.00013885714285714285,9.63689136505127,12.310546875,3.869220018386841,24.7561094092469,25325.49992565958,4071.2045786068775
3310,4084.1319620029535,3700044424.0,10347533312.0,24.753655878817085,25322.98996402988,0.24317599833011627,0.0001380408163265306,9.63689136505127,12.310546875,3.957298994064331,24.753655878817085,25322.98996402988,4084.1319620029535
3320,4097.063887331868,3700044424.0,10347533312.0,24.74496193420807,25314.096058694857,0.24577191472053528,0.00013722448979591837,9.63689136505127,12.310546875,4.012840747833252,24.74496193420807,25314.096058694857,4097.063887331868
3330,4109.98903487483,3700044424.0,10347533312.0,24.757937883210197,25327.37045452403,0.251449316740036,0.0001364081632653061,9.63689136505127,12.310546875,4.042788982391357,24.757937883210197,25327.37045452403,4109.98903487483
3340,4122.916357863927,3700044424.0,10347533312.0,24.753771548053198,25323.10829365842,0.23830917477607727,0.00013559183673469388,9.63689136505127,12.310546875,3.8990893363952637,24.753771548053198,25323.10829365842,4122.916357863927
3350,4135.841039256891,3700044424.0,10347533312.0,24.758830819164622,25328.283928005407,0.2416848987340927,0.00013477551020408163,9.63689136505127,12.310546875,3.712930679321289,24.758830819164622,25328.283928005407,4135.841039256891
3360,4148.769479713868,3700044424.0,10347533312.0,24.75163195939113,25320.919494457125,0.2505805790424347,0.0001339591836734694,9.63689136505127,12.310546875,3.841658353805542,24.75163195939113,25320.919494457125,4148.769479713868
3370,4161.696128134849,3700044424.0,10347533312.0,24.755063306327248,25324.429762372773,0.24063937366008759,0.00013314285714285715,9.63689136505127,12.310546875,3.8228511810302734,24.755063306327248,25324.429762372773,4161.696128134849
3380,4174.6200729829725,3700044424.0,10347533312.0,24.76024184260209,25329.727404981935,0.2435452789068222,0.00013232653061224492,9.63689136505127,12.310546875,3.8022351264953613,24.76024184260209,25329.727404981935,4174.6200729829725
3390,4187.548589591868,3700044424.0,10347533312.0,24.751486166620026,25320.770348452286,0.25016283988952637,0.00013151020408163266,9.63689136505127,12.310546875,3.796943187713623,24.751486166620026,25320.770348452286,4187.548589591868
3400,4200.475034064846,3700044424.0,10347533312.0,24.755453881300813,25324.829320570734,0.24510526657104492,0.0001306938775510204,9.63689136505127,12.310546875,3.8277711868286133,24.755453881300813,25324.829320570734,4200.475034064846
3410,4213.402530174935,3700044424.0,10347533312.0,24.753440053272147,25322.769174497407,0.241135373711586,0.00012987755102040818,9.63689136505127,12.310546875,3.8484199047088623,24.753440053272147,25322.769174497407,4213.402530174935
3420,4226.329219452804,3700044424.0,10347533312.0,24.754985063952883,25324.3497204238,0.24605944752693176,0.00012906122448979592,9.63689136505127,12.310546875,3.7984118461608887,24.754985063952883,25324.3497204238,4226.329219452804
3430,4239.259143621894,3700044424.0,10347533312.0,24.748791703279586,25318.013912455015,0.2537134289741516,0.0001282448979591837,9.63689136505127,12.310546875,3.943633794784546,24.748791703279586,25318.013912455015,4239.259143621894
3440,4252.189674085937,3700044424.0,10347533312.0,24.74763126615956,25316.826785281228,0.24417652189731598,0.00012742857142857144,9.63689136505127,12.310546875,3.908167600631714,24.74763126615956,25316.826785281228,4252.189674085937
3450,4265.124197087018,3700044424.0,10347533312.0,24.73999234245217,25309.012166328568,0.2412349432706833,0.00012661224489795918,9.63689136505127,12.310546875,3.830033302307129,24.73999234245217,25309.012166328568,4265.124197087018
3460,4278.055595845915,3700044424.0,10347533312.0,24.74596955567713,25315.126855457704,0.24269555509090424,0.00012579591836734696,9.63689136505127,12.310546875,3.7901253700256348,24.74596955567713,25315.126855457704,4278.055595845915
3470,4290.989787233993,3700044424.0,10347533312.0,24.740626638241714,25309.661050921277,0.24127240478992462,0.0001249795918367347,9.63689136505127,12.310546875,3.731448173522949,24.740626638241714,25309.661050921277,4290.989787233993
3480,4303.9195002350025,3700044424.0,10347533312.0,24.749195900560682,25318.42740627358,0.2449038028717041,0.00012416326530612245,9.63689136505127,12.310546875,3.896366596221924,24.749195900560682,25318.42740627358,4303.9195002350025
3490,4316.850450134836,3700044424.0,10347533312.0,24.746828537640273,25316.005594006,0.24551725387573242,0.0001233469387755102,9.63689136505127,12.310546875,3.8693716526031494,24.746828537640273,25316.005594006,4316.850450134836
3500,4329.7819541320205,3700044424.0,10347533312.0,24.745768169709862,25314.92083761319,0.24516929686069489,0.00012253061224489796,9.63689136505127,12.310546875,3.8558361530303955,24.745768169709862,25314.92083761319,4329.7819541320205
3500.0,,,,,,,,,,,,,
3510,4345.037584171863,3700044424.0,10347533312.0,20.97586262673275,21458.307467147602,0.24545247852802277,0.00012171428571428572,9.63689136505127,12.310546875,3.876664161682129,20.97586262673275,21458.307467147602,4345.037584171863
3520,4357.966132730013,3700044424.0,10347533312.0,24.751425000317504,25320.707775324805,0.23905836045742035,0.00012089795918367348,9.63689136505127,12.310546875,3.7943027019500732,24.751425000317504,25320.707775324805,4357.966132730013
3530,4370.894401524914,3700044424.0,10347533312.0,24.751960612560413,25321.255706649303,0.23360100388526917,0.00012008163265306122,9.63689136505127,12.310546875,3.846942186355591,24.751960612560413,25321.255706649303,4370.894401524914
3540,4383.8247656188905,3700044424.0,10347533312.0,24.747949684501094,25317.15252724462,0.2999703288078308,0.000119265306122449,9.63689136505127,12.310546875,3.7488653659820557,24.747949684501094,25317.15252724462,4383.8247656188905
3550,4396.7553831830155,3700044424.0,10347533312.0,24.74746456718476,25316.65625223001,0.2396753430366516,0.00011844897959183674,9.63689136505127,12.310546875,3.941842555999756,24.74746456718476,25316.65625223001,4396.7553831830155
3560,4409.6842996568885,3700044424.0,10347533312.0,24.750720653711628,25319.987228747,0.24035696685314178,0.00011763265306122448,9.63689136505127,12.310546875,3.7986152172088623,24.750720653711628,25319.987228747,4409.6842996568885
3570,4422.614830662962,3700044424.0,10347533312.0,24.747630228773538,25316.825724035327,0.2461358606815338,0.00011681632653061226,9.63689136505127,12.310546875,3.882359504699707,24.747630228773538,25316.825724035327,4422.614830662962
3580,4435.545703677926,3700044424.0,10347533312.0,24.746975678261027,25316.156118861032,0.24021583795547485,0.000116,9.63689136505127,12.310546875,3.84427547454834,24.746975678261027,25316.156118861032,4435.545703677926
3590,4448.474775500828,3700044424.0,10347533312.0,24.750423261874154,25319.68299689726,0.2410304695367813,0.00011518367346938776,9.63689136505127,12.310546875,3.800804853439331,24.750423261874154,25319.68299689726,4448.474775500828
3600,4461.407697611023,3700044424.0,10347533312.0,24.743054761596444,25312.145021113163,0.24147558212280273,0.0001143673469387755,9.63689136505127,12.310546875,3.9130640029907227,24.743054761596444,25312.145021113163,4461.407697611023
3610,4474.342622157885,3700044424.0,10347533312.0,24.73922432563638,25308.226485126015,0.24220065772533417,0.00011355102040816328,9.63689136505127,12.310546875,3.7946460247039795,24.73922432563638,25308.226485126015,4474.342622157885
3620,4487.28162912,3700044424.0,10347533312.0,24.73141879720377,25300.241429539456,0.24390538036823273,0.00011273469387755102,9.63689136505127,12.310546875,3.838528633117676,24.73141879720377,25300.241429539456,4487.28162912
3630,4500.219147323864,3700044424.0,10347533312.0,24.73426471426567,25303.15280269378,0.24233382940292358,0.00011191836734693879,9.63689136505127,12.310546875,3.858663320541382,24.73426471426567,25303.15280269378,4500.219147323864
3640,4513.152356019011,3700044424.0,10347533312.0,24.742506484107906,25311.584133242388,0.2372346967458725,0.00011110204081632654,9.63689136505127,12.310546875,3.8557703495025635,24.742506484107906,25311.584133242388,4513.152356019011
3650,4526.089721916942,3700044424.0,10347533312.0,24.734555899912507,25303.450685610493,0.24251288175582886,0.00011028571428571428,9.63689136505127,12.310546875,3.842571258544922,24.734555899912507,25303.450685610493,4526.089721916942
3660,4539.021858380875,3700044424.0,10347533312.0,24.74455793847131,25313.68277105615,0.2415485680103302,0.00010946938775510205,9.63689136505127,12.310546875,3.859316825866699,24.74455793847131,25313.68277105615,4539.021858380875
3670,4551.959703441011,3700044424.0,10347533312.0,24.73363983821213,25302.51355449101,0.23319660127162933,0.0001086530612244898,9.63689136505127,12.310546875,3.8797788619995117,24.73363983821213,25302.51355449101,4551.959703441011
3680,4564.897507740883,3700044424.0,10347533312.0,24.73371776099263,25302.593269495457,0.24633239209651947,0.00010783673469387756,9.63689136505127,12.310546875,3.815558433532715,24.73371776099263,25302.593269495457,4564.897507740883
3690,4577.829840730876,3700044424.0,10347533312.0,24.744181908061414,25313.298091946825,0.2479485124349594,0.0001070204081632653,9.63689136505127,12.310546875,3.809403657913208,24.744181908061414,25313.298091946825,4577.829840730876
3700,4590.767308027018,3700044424.0,10347533312.0,24.734362041280054,25303.252368229492,0.24265925586223602,0.00010620408163265307,9.63689136505127,12.310546875,3.8697824478149414,24.734362041280054,25303.252368229492,4590.767308027018
3710,4603.705560227856,3700044424.0,10347533312.0,24.732861520450918,25301.71733542129,0.23195810616016388,0.00010538775510204082,9.63689136505127,12.310546875,3.824404716491699,24.732861520450918,25301.71733542129,4603.705560227856
3720,4616.649029901018,3700044424.0,10347533312.0,24.72289178098087,25291.518291943426,0.24090223014354706,0.00010457142857142859,9.63689136505127,12.310546875,3.807448387145996,24.72289178098087,25291.518291943426,4616.649029901018
3730,4629.589986676816,3700044424.0,10347533312.0,24.72769251485881,25296.429442700563,0.24101440608501434,0.00010375510204081633,9.63689136505127,12.310546875,3.8604636192321777,24.72769251485881,25296.429442700563,4629.589986676816
3740,4642.526349820895,3700044424.0,10347533312.0,24.736473183072256,25305.41206628292,0.23868611454963684,0.00010293877551020408,9.63689136505127,12.310546875,3.8294479846954346,24.736473183072256,25305.41206628292,4642.526349820895
3750,4655.461210003821,3700044424.0,10347533312.0,24.73934742815374,25308.352419001276,0.24420124292373657,0.00010212244897959185,9.63689136505127,12.310546875,3.872709274291992,24.73934742815374,25308.352419001276,4655.461210003821
3760,4668.403650343884,3700044424.0,10347533312.0,24.724858032333966,25293.529767077645,0.24237561225891113,0.0001013061224489796,9.63689136505127,12.310546875,3.864194393157959,24.724858032333966,25293.529767077645,4668.403650343884
3770,4681.342976596905,3700044424.0,10347533312.0,24.730808524538507,25299.617120602892,0.25560376048088074,0.00010048979591836735,9.63689136505127,12.310546875,3.8388237953186035,24.730808524538507,25299.617120602892,4681.342976596905
3780,4694.281574981986,3700044424.0,10347533312.0,24.73219976972059,25301.040364424167,0.2655864357948303,9.96734693877551e-05,9.63689136505127,12.310546875,3.8087785243988037,24.73219976972059,25301.040364424167,4694.281574981986
3790,4707.220739006996,3700044424.0,10347533312.0,24.73111859324616,25299.93432089082,0.2308218777179718,9.885714285714286e-05,9.63689136505127,12.310546875,3.777690887451172,24.73111859324616,25299.93432089082,4707.220739006996
3800,4720.160422811983,3700044424.0,10347533312.0,24.73012515782425,25298.918036454208,0.24676062166690826,9.804081632653061e-05,9.63689136505127,12.310546875,3.7870471477508545,24.73012515782425,25298.918036454208,4720.160422811983
3810,4733.09997000196,3700044424.0,10347533312.0,24.730386257091915,25299.18514100503,0.241899773478508,9.722448979591837e-05,9.63689136505127,12.310546875,3.908083200454712,24.730386257091915,25299.18514100503,4733.09997000196
3820,4746.039130755002,3700044424.0,10347533312.0,24.731124847087177,25299.940718570182,0.23905198276042938,9.640816326530613e-05,9.63689136505127,12.310546875,3.76650333404541,24.731124847087177,25299.940718570182,4746.039130755002
3830,4758.974957359023,3700044424.0,10347533312.0,24.737499179257156,25306.46166038007,0.23615500330924988,9.559183673469389e-05,9.63689136505127,12.310546875,3.903102397918701,24.737499179257156,25306.46166038007,4758.974957359023
3840,4771.914802719839,3700044424.0,10347533312.0,24.729816398658432,25298.602175827575,0.24116335809230804,9.477551020408165e-05,9.63689136505127,12.310546875,3.7713065147399902,24.729816398658432,25298.602175827575,4771.914802719839
3850,4784.852154564811,3700044424.0,10347533312.0,24.734582767366376,25303.478171015802,0.23707936704158783,9.395918367346939e-05,9.63689136505127,12.310546875,3.7944250106811523,24.734582767366376,25303.478171015802,4784.852154564811
3860,4797.787100784946,3700044424.0,10347533312.0,24.7391828735916,25308.184079684204,0.2432161271572113,9.314285714285715e-05,9.63689136505127,12.310546875,3.9192512035369873,24.7391828735916,25308.184079684204,4797.787100784946
3870,4810.722886180971,3700044424.0,10347533312.0,24.737577982573995,25306.542276173197,0.2374580353498459,9.23265306122449e-05,9.63689136505127,12.310546875,3.880791664123535,24.737577982573995,25306.542276173197,4810.722886180971
3880,4823.661030679941,3700044424.0,10347533312.0,24.73306740587618,25301.927956211333,0.23508784174919128,9.151020408163265e-05,9.63689136505127,12.310546875,3.9323432445526123,24.73306740587618,25301.927956211333,4823.661030679941
3890,4836.596258463804,3700044424.0,10347533312.0,24.73864437077945,25307.633191307377,0.2664709687232971,9.069387755102041e-05,9.63689136505127,12.310546875,3.7076776027679443,24.73864437077945,25307.633191307377,4836.596258463804
3900,4849.534113385947,3700044424.0,10347533312.0,24.733620984751116,25302.494267400394,0.2309075891971588,8.987755102040817e-05,9.63689136505127,12.310546875,3.767545223236084,24.733620984751116,25302.494267400394,4849.534113385947
3910,4862.471791873919,3700044424.0,10347533312.0,24.73395828297281,25302.83932348119,0.2380218505859375,8.906122448979593e-05,9.63689136505127,12.310546875,3.8534276485443115,24.73395828297281,25302.83932348119,4862.471791873919
3920,4875.414783534827,3700044424.0,10347533312.0,24.723804850041457,25292.45236159241,0.24916446208953857,8.824489795918369e-05,9.63689136505127,12.310546875,3.7666375637054443,24.723804850041457,25292.45236159241,4875.414783534827
3930,4888.35355648282,3700044424.0,10347533312.0,24.73186609628494,25300.699016499493,0.23475179076194763,8.742857142857144e-05,9.63689136505127,12.310546875,3.7720532417297363,24.73186609628494,25300.699016499493,4888.35355648282
3940,4901.287104071816,3700044424.0,10347533312.0,24.741858163667704,25310.92090143206,0.2772749066352844,8.661224489795919e-05,9.63689136505127,12.310546875,3.749311685562134,24.741858163667704,25310.92090143206,4901.287104071816
3950,4914.227040886879,3700044424.0,10347533312.0,24.729641618304413,25298.423375525414,0.25189003348350525,8.579591836734693e-05,9.63689136505127,12.310546875,3.784438371658325,24.729641618304413,25298.423375525414,4914.227040886879
3960,4927.168378517963,3700044424.0,10347533312.0,24.726964794689106,25295.684984966956,0.2975200116634369,8.497959183673469e-05,9.63689136505127,12.310546875,3.759676456451416,24.726964794689106,25295.684984966956,4927.168378517963
3970,4940.1109943648335,3700044424.0,10347533312.0,24.724522753827713,25293.18677716575,0.24075472354888916,8.416326530612245e-05,9.63689136505127,12.310546875,3.719862222671509,24.724522753827713,25293.18677716575,4940.1109943648335
3980,4953.045327375876,3700044424.0,10347533312.0,24.740355743648234,25309.383925752143,0.2500849664211273,8.334693877551021e-05,9.63689136505127,12.310546875,3.7687618732452393,24.740355743648234,25309.383925752143,4953.045327375876
3990,4965.98548871791,3700044424.0,10347533312.0,24.729212530026917,25297.984418217537,0.23840488493442535,8.253061224489797e-05,9.63689136505127,12.310546875,3.7963016033172607,24.729212530026917,25297.984418217537,4965.98548871791
4000,4978.929545543855,3700044424.0,10347533312.0,24.72177033081235,25290.371048421035,0.23811157047748566,8.171428571428572e-05,9.63689136505127,12.310546875,3.813317060470581,24.72177033081235,25290.371048421035,4978.929545543855
4000.0,,,,,,,,,,,,,
4010,4994.211066599935,3700044424.0,10347533312.0,20.94032386080297,21421.951309601438,0.24665816128253937,8.089795918367348e-05,9.63689136505127,12.310546875,3.6473827362060547,20.94032386080297,21421.951309601438,4994.211066599935
4020,5007.1485245449,3700044424.0,10347533312.0,24.73437991924355,25303.270657386154,0.24635720252990723,8.008163265306124e-05,9.63689136505127,12.310546875,3.621319055557251,24.73437991924355,25303.270657386154,5007.1485245449
4030,5020.088467341848,3700044424.0,10347533312.0,24.72963018627013,25298.41168055434,0.24570491909980774,7.926530612244898e-05,9.63689136505127,12.310546875,3.7683327198028564,24.72963018627013,25298.41168055434,5020.088467341848
4040,5033.025094899815,3700044424.0,10347533312.0,24.735967590172454,25304.894844746417,0.6844949722290039,7.844897959183673e-05,9.63689136505127,12.310546875,3.6744179725646973,24.735967590172454,25304.894844746417,5033.025094899815
4050,5045.964830684941,3700044424.0,10347533312.0,24.73002581457787,25298.816408313163,0.2384508103132248,7.763265306122449e-05,9.63689136505127,12.310546875,3.7516424655914307,24.73002581457787,25298.816408313163,5045.964830684941
4060,5058.9029186798725,3700044424.0,10347533312.0,24.733175421698004,25302.03845639706,0.2335987240076065,7.681632653061225e-05,9.63689136505127,12.310546875,3.86989426612854,24.733175421698004,25302.03845639706,5058.9029186798725
4070,5071.844320492819,3700044424.0,10347533312.0,24.726842163255903,25295.559533010786,0.23868681490421295,7.6e-05,9.63689136505127,12.310546875,3.832831859588623,24.726842163255903,25295.559533010786,5071.844320492819
4080,5084.782558195991,3700044424.0,10347533312.0,24.7328892343302,25301.745686719798,0.2442503124475479,7.518367346938776e-05,9.63689136505127,12.310546875,3.8053839206695557,24.7328892343302,25301.745686719798,5084.782558195991
4090,5097.717045829864,3700044424.0,10347533312.0,24.740059989851122,25309.0813696177,0.24915362894535065,7.436734693877552e-05,9.63689136505127,12.310546875,3.9337785243988037,24.740059989851122,25309.0813696177,5097.717045829864
4100,5110.660441675922,3700044424.0,10347533312.0,24.72303279648718,25291.66255080638,0.2516356110572815,7.355102040816328e-05,9.63689136505127,12.310546875,3.7331104278564453,24.72303279648718,25291.66255080638,5110.660441675922
4110,5123.597654881887,3700044424.0,10347533312.0,24.734847830477957,25303.74933057895,0.24089913070201874,7.273469387755102e-05,9.63689136505127,12.310546875,3.764521598815918,24.734847830477957,25303.74933057895,5123.597654881887
4120,5136.536908744834,3700044424.0,10347533312.0,24.730946883757355,25299.758662083772,0.23935729265213013,7.191836734693878e-05,9.63689136505127,12.310546875,3.6808085441589355,24.730946883757355,25299.758662083772,5136.536908744834
4130,5149.478285816032,3700044424.0,10347533312.0,24.726889436842235,25295.607893889606,0.23899275064468384,7.110204081632653e-05,9.63689136505127,12.310546875,3.7956950664520264,24.726889436842235,25295.607893889606,5149.478285816032
4140,5162.418542596977,3700044424.0,10347533312.0,24.7290301434526,25297.79783675201,0.24161410331726074,7.028571428571428e-05,9.63689136505127,12.310546875,3.876394510269165,24.7290301434526,25297.79783675201,5162.418542596977
4150,5175.357799413847,3700044424.0,10347533312.0,24.73094123789234,25299.75288636386,0.23620498180389404,6.946938775510204e-05,9.63689136505127,12.310546875,3.762972116470337,24.73094123789234,25299.75288636386,5175.357799413847
4160,5188.300235342933,3700044424.0,10347533312.0,24.72486645893692,25293.53838749247,0.2330143004655838,6.86530612244898e-05,9.63689136505127,12.310546875,3.7721750736236572,24.72486645893692,25293.53838749247,5188.300235342933
4170,5201.242990792962,3700044424.0,10347533312.0,24.724256070162003,25292.913959775728,0.23848900198936462,6.783673469387756e-05,9.63689136505127,12.310546875,3.8768444061279297,24.724256070162003,25292.913959775728,5201.242990792962
4180,5214.183305291925,3700044424.0,10347533312.0,24.728919843922494,25297.685000332713,0.24405565857887268,6.702040816326532e-05,9.63689136505127,12.310546875,3.7573745250701904,24.728919843922494,25297.685000332713,5214.183305291925
4190,5227.124879929936,3700044424.0,10347533312.0,24.72651195474484,25295.22172970397,0.2396925836801529,6.620408163265306e-05,9.63689136505127,12.310546875,3.7918310165405273,24.72651195474484,25295.22172970397,5227.124879929936
4200,5240.07068978087,3700044424.0,10347533312.0,24.718422693107215,25286.946415048682,0.257188081741333,6.538775510204082e-05,9.63689136505127,12.310546875,3.789843797683716,24.718422693107215,25286.946415048682,5240.07068978087
4210,5253.012148553971,3700044424.0,10347533312.0,24.72673333126329,25295.448197882346,0.24490690231323242,6.457142857142856e-05,9.63689136505127,12.310546875,3.864544630050659,24.72673333126329,25295.448197882346,5253.012148553971
4220,5265.954072577879,3700044424.0,10347533312.0,24.72584442690775,25294.538848726625,0.2578084468841553,6.375510204081632e-05,9.63689136505127,12.310546875,3.8319289684295654,24.72584442690775,25294.538848726625,5265.954072577879
4230,5278.895234982017,3700044424.0,10347533312.0,24.727299604683402,25296.027495591123,0.2442893236875534,6.293877551020408e-05,9.63689136505127,12.310546875,3.730524778366089,24.727299604683402,25296.027495591123,5278.895234982017
4240,5291.836493185023,3700044424.0,10347533312.0,24.727116558549515,25295.84023939615,0.25345662236213684,6.212244897959184e-05,9.63689136505127,12.310546875,3.793935537338257,24.727116558549515,25295.84023939615,5291.836493185023
4250,5304.780860746978,3700044424.0,10347533312.0,24.72117687236548,25289.763940429886,0.24037715792655945,6.13061224489796e-05,9.63689136505127,12.310546875,3.782433271408081,24.72117687236548,25289.763940429886,5304.780860746978
4260,5317.720544809941,3700044424.0,10347533312.0,24.730124664783812,25298.91753207384,0.2669093608856201,6.0489795918367356e-05,9.63689136505127,12.310546875,3.629504680633545,24.730124664783812,25298.91753207384,5317.720544809941
4270,5330.664312960813,3700044424.0,10347533312.0,24.722321681762473,25290.93508044301,0.24780237674713135,5.967346938775511e-05,9.63689136505127,12.310546875,3.822087526321411,24.722321681762473,25290.93508044301,5330.664312960813
4280,5343.606806056807,3700044424.0,10347533312.0,24.724757249362373,25293.42666609771,0.23823370039463043,5.885714285714285e-05,9.63689136505127,12.310546875,3.7564516067504883,24.724757249362373,25293.42666609771,5343.606806056807
4290,5356.548774329014,3700044424.0,10347533312.0,24.725759889799413,25294.4523672648,0.24128469824790955,5.804081632653061e-05,9.63689136505127,12.310546875,3.773277521133423,24.725759889799413,25294.4523672648,5356.548774329014
4300,5369.484090976883,3700044424.0,10347533312.0,24.738474419389455,25307.459331035414,0.25314804911613464,5.722448979591837e-05,9.63689136505127,12.310546875,3.7686524391174316,24.738474419389455,25307.459331035414,5369.484090976883
4310,5382.423344837967,3700044424.0,10347533312.0,24.73094688731745,25299.758665725753,0.24193570017814636,5.640816326530613e-05,9.63689136505127,12.310546875,3.765533924102783,24.73094688731745,25299.758665725753,5382.423344837967
4320,5395.3604177830275,3700044424.0,10347533312.0,24.73511600026854,25304.023668274716,0.23542457818984985,5.559183673469388e-05,9.63689136505127,12.310546875,3.7814834117889404,24.73511600026854,25304.023668274716,5395.3604177830275
4330,5408.298968204996,3700044424.0,10347533312.0,24.732291451805796,25301.13415519733,0.24633203446865082,5.4775510204081636e-05,9.63689136505127,12.310546875,3.8394885063171387,24.732291451805796,25301.13415519733,5408.298968204996
4340,5421.241560705937,3700044424.0,10347533312.0,24.72456735207523,25293.232401172958,0.25491783022880554,5.3959183673469395e-05,9.63689136505127,12.310546875,3.865774154663086,24.72456735207523,25293.232401172958,5421.241560705937
4350,5434.180849688826,3700044424.0,10347533312.0,24.730879758785658,25299.689993237727,0.2434181272983551,5.314285714285715e-05,9.63689136505127,12.310546875,3.7261176109313965,24.730879758785658,25299.689993237727,5434.180849688826
4360,5447.123516869033,3700044424.0,10347533312.0,24.72442469117801,25293.086459075104,0.24422016739845276,5.23265306122449e-05,9.63689136505127,12.310546875,3.795645236968994,24.72442469117801,25293.086459075104,5447.123516869033
4370,5460.067204560852,3700044424.0,10347533312.0,24.722475357795947,25291.092291025252,0.25023117661476135,5.151020408163265e-05,9.63689136505127,12.310546875,3.73248028755188,24.722475357795947,25291.092291025252,5460.067204560852
4380,5473.006665881956,3700044424.0,10347533312.0,24.73055037291843,25299.353031495553,0.24075259268283844,5.069387755102041e-05,9.63689136505127,12.310546875,3.8847789764404297,24.73055037291843,25299.353031495553,5473.006665881956
4390,5485.943344590021,3700044424.0,10347533312.0,24.735869787080492,25304.794792183344,0.24219514429569244,4.9877551020408165e-05,9.63689136505127,12.310546875,3.6904780864715576,24.735869787080492,25304.794792183344,5485.943344590021
4400,5498.882864215877,3700044424.0,10347533312.0,24.73043893844246,25299.23903402664,0.24385997653007507,4.9061224489795924e-05,9.63689136505127,12.310546875,3.700737476348877,24.73043893844246,25299.23903402664,5498.882864215877
4410,5511.825983857969,3700044424.0,10347533312.0,24.723560381790648,25292.20227057183,0.24683520197868347,4.8244897959183675e-05,9.63689136505127,12.310546875,3.859891891479492,24.723560381790648,25292.20227057183,5511.825983857969
4420,5524.765662795864,3700044424.0,10347533312.0,24.730134459738874,25298.92755231287,0.24617037177085876,4.742857142857143e-05,9.63689136505127,12.310546875,3.722440242767334,24.730134459738874,25298.92755231287,5524.765662795864
4430,5537.706465066876,3700044424.0,10347533312.0,24.727987747468298,25296.73146566007,0.23793070018291473,4.6612244897959185e-05,9.63689136505127,12.310546875,3.76853084564209,24.727987747468298,25296.73146566007,5537.706465066876
4440,5550.650548339821,3700044424.0,10347533312.0,24.72171981996151,25290.31937582062,0.23623548448085785,4.579591836734694e-05,9.63689136505127,12.310546875,3.791346311569214,24.72171981996151,25290.31937582062,5550.650548339821
4450,5563.59577529598,3700044424.0,10347533312.0,24.719535708700374,25288.085030000482,0.23266541957855225,4.4979591836734694e-05,9.63689136505127,12.310546875,3.801933765411377,24.719535708700374,25288.085030000482,5563.59577529598
4460,5576.538972964976,3700044424.0,10347533312.0,24.723411338029077,25292.049798803746,0.23861396312713623,4.416326530612245e-05,9.63689136505127,12.310546875,3.8297982215881348,24.723411338029077,25292.049798803746,5576.538972964976
4470,5589.486309245927,3700044424.0,10347533312.0,24.71550850739846,25283.965203068623,0.23313911259174347,4.3346938775510204e-05,9.63689136505127,12.310546875,3.7469887733459473,24.71550850739846,25283.965203068623,5589.486309245927
4480,5602.439285615925,3700044424.0,10347533312.0,24.704746682098833,25272.955855787106,0.25356411933898926,4.253061224489796e-05,9.63689136505127,12.310546875,3.6561951637268066,24.704746682098833,25272.955855787106,5602.439285615925
4490,5615.382599763805,3700044424.0,10347533312.0,24.723188848229086,25291.822191738353,0.26192551851272583,4.1714285714285714e-05,9.63689136505127,12.310546875,3.7432355880737305,24.723188848229086,25291.822191738353,5615.382599763805
4500,5628.326623996953,3700044424.0,10347533312.0,24.72183257974232,25290.43472907639,0.23527026176452637,4.089795918367347e-05,9.63689136505127,12.310546875,3.7671773433685303,24.72183257974232,25290.43472907639,5628.326623996953
4500.0,,,,,,,,,,,,,
4510,5643.5935353660025,3700044424.0,10347533312.0,20.960362725935834,21442.45106863236,0.23563550412654877,4.008163265306122e-05,9.63689136505127,12.310546875,3.647549629211426,20.960362725935834,21442.45106863236,5643.5935353660025
4520,5656.545991608873,3700044424.0,10347533312.0,24.705738741726194,25273.970732785896,0.23299187421798706,3.926530612244898e-05,9.63689136505127,12.310546875,3.7256574630737305,24.705738741726194,25273.970732785896,5656.545991608873
4530,5669.492672650842,3700044424.0,10347533312.0,24.716759373515316,25285.24483910617,0.24424675107002258,3.844897959183674e-05,9.63689136505127,12.310546875,3.754011631011963,24.716759373515316,25285.24483910617,5669.492672650842
4540,5682.444333698833,3700044424.0,10347533312.0,24.707255603297916,25275.52248217377,0.23760555684566498,3.763265306122449e-05,9.63689136505127,12.310546875,3.859893321990967,24.707255603297916,25275.52248217377,5682.444333698833
4550,5695.394184245961,3700044424.0,10347533312.0,24.71070989085533,25279.056218345006,0.23679476976394653,3.681632653061224e-05,9.63689136505127,12.310546875,3.7637088298797607,24.71070989085533,25279.056218345006,5695.394184245961
4560,5708.342867841944,3700044424.0,10347533312.0,24.7129368501416,25281.334397694856,0.23900213837623596,3.6e-05,9.63689136505127,12.310546875,3.631120443344116,24.7129368501416,25281.334397694856,5708.342867841944
4570,5721.294711692957,3700044424.0,10347533312.0,24.706906883761512,25275.165742088026,0.2360483855009079,3.518367346938776e-05,9.63689136505127,12.310546875,3.7981855869293213,24.706906883761512,25275.165742088026,5721.294711692957
4580,5734.246473674895,3700044424.0,10347533312.0,24.707063058003854,25275.325508337944,0.23413385450839996,3.436734693877551e-05,9.63689136505127,12.310546875,3.715266227722168,24.707063058003854,25275.325508337944,5734.246473674895
4590,5747.195897632977,3700044424.0,10347533312.0,24.711523928466917,25279.88897882166,0.2348172813653946,3.355102040816327e-05,9.63689136505127,12.310546875,3.7593612670898438,24.711523928466917,25279.88897882166,5747.195897632977
4600,5760.150439794874,3700044424.0,10347533312.0,24.701760664395806,25269.90115967691,0.23933202028274536,3.273469387755102e-05,9.63689136505127,12.310546875,3.758742094039917,24.701760664395806,25269.90115967691,5760.150439794874
4610,5773.097535925917,3700044424.0,10347533312.0,24.715966944335083,25284.43418405479,0.23329338431358337,3.191836734693878e-05,9.63689136505127,12.310546875,3.608912467956543,24.715966944335083,25284.43418405479,5773.097535925917
4620,5786.044374945806,3700044424.0,10347533312.0,24.716457778490494,25284.936307395776,0.25099971890449524,3.110204081632653e-05,9.63689136505127,12.310546875,3.6647965908050537,24.716457778490494,25284.936307395776,5786.044374945806
4630,5798.992549108807,3700044424.0,10347533312.0,24.713909155964117,25282.329066551294,0.23491786420345306,3.0285714285714288e-05,9.63689136505127,12.310546875,3.7963967323303223,24.713909155964117,25282.329066551294,5798.992549108807
4640,5811.941605824977,3700044424.0,10347533312.0,24.71222476000119,25280.60592948122,0.2358173280954361,2.946938775510204e-05,9.63689136505127,12.310546875,3.7071008682250977,24.71222476000119,25280.60592948122,5811.941605824977
4650,5824.883770138025,3700044424.0,10347533312.0,24.725385357484612,25294.06922070676,0.23927514255046844,2.8653061224489798e-05,9.63689136505127,12.310546875,3.7055749893188477,24.725385357484612,25294.06922070676,5824.883770138025
4660,5837.827207754832,3700044424.0,10347533312.0,24.722953010913752,25291.580930164768,0.23615068197250366,2.7836734693877553e-05,9.63689136505127,12.310546875,3.789498805999756,24.722953010913752,25291.580930164768,5837.827207754832
4670,5850.771184426965,3700044424.0,10347533312.0,24.721923417006398,25290.527655597543,0.24260182678699493,2.702040816326531e-05,9.63689136505127,12.310546875,3.575472593307495,24.721923417006398,25290.527655597543,5850.771184426965
4680,5863.716611735988,3700044424.0,10347533312.0,24.719153131156492,25287.69365317309,0.26851987838745117,2.620408163265306e-05,9.63689136505127,12.310546875,3.6954777240753174,24.719153131156492,25287.69365317309,5863.716611735988
4690,5876.66238223901,3700044424.0,10347533312.0,24.718497823308873,25287.023273244977,0.2379152625799179,2.5387755102040817e-05,9.63689136505127,12.310546875,3.560523509979248,24.718497823308873,25287.023273244977,5876.66238223901
4700,5889.607307690894,3700044424.0,10347533312.0,24.72011145907574,25288.67402263448,0.23877397179603577,2.4571428571428572e-05,9.63689136505127,12.310546875,3.6945927143096924,24.72011145907574,25288.67402263448,5889.607307690894
4710,5902.550389190903,3700044424.0,10347533312.0,24.723633239872967,25292.276804390043,0.24024538695812225,2.3755102040816327e-05,9.63689136505127,12.310546875,3.704111099243164,24.723633239872967,25292.276804390043,5902.550389190903
4720,5915.501382505987,3700044424.0,10347533312.0,24.70852947065449,25276.825648479546,0.23579563200473785,2.293877551020408e-05,9.63689136505127,12.310546875,3.750274181365967,24.70852947065449,25276.825648479546,5915.501382505987
4730,5928.444947707001,3700044424.0,10347533312.0,24.722709317748425,25291.331632056637,0.25233009457588196,2.2122448979591836e-05,9.63689136505127,12.310546875,3.691056966781616,24.722709317748425,25291.331632056637,5928.444947707001
4740,5941.39151773788,3700044424.0,10347533312.0,24.71697130875274,25285.461648854052,0.23790040612220764,2.1306122448979595e-05,9.63689136505127,12.310546875,3.839637041091919,24.71697130875274,25285.461648854052,5941.39151773788
4750,5954.339122528909,3700044424.0,10347533312.0,24.714995952126408,25283.440859025315,0.23919357359409332,2.0489795918367346e-05,9.63689136505127,12.310546875,3.8043806552886963,24.714995952126408,25283.440859025315,5954.339122528909
4760,5967.295295111835,3700044424.0,10347533312.0,24.698652163811026,25266.72116357868,0.24224860966205597,1.9673469387755104e-05,9.63689136505127,12.310546875,3.8473994731903076,24.698652163811026,25266.72116357868,5967.295295111835
4770,5980.242321054917,3700044424.0,10347533312.0,24.716100933665796,25284.57125514011,0.236715167760849,1.885714285714286e-05,9.63689136505127,12.310546875,3.653195858001709,24.716100933665796,25284.57125514011,5980.242321054917
4780,5993.190868478967,3700044424.0,10347533312.0,24.713196740944582,25281.600265986308,0.23198603093624115,1.8040816326530614e-05,9.63689136505127,12.310546875,3.702840566635132,24.713196740944582,25281.600265986308,5993.190868478967
4790,6006.146034204867,3700044424.0,10347533312.0,24.700571707875465,25268.6848571566,0.23645737767219543,1.722448979591837e-05,9.63689136505127,12.310546875,3.882861614227295,24.700571707875465,25268.6848571566,6006.146034204867
4800,6019.095251685008,3700044424.0,10347533312.0,24.711917958806193,25280.292071858734,0.23422293365001678,1.6408163265306124e-05,9.63689136505127,12.310546875,3.6055684089660645,24.711917958806193,25280.292071858734,6019.095251685008
4810,6032.043866205029,3700044424.0,10347533312.0,24.71306868431561,25281.469264054867,0.24141204357147217,1.559183673469388e-05,9.63689136505127,12.310546875,3.652714967727661,24.71306868431561,25281.469264054867,6032.043866205029
4820,6044.991628540913,3700044424.0,10347533312.0,24.714695226769138,25283.13321698483,0.23143340647220612,1.4775510204081633e-05,9.63689136505127,12.310546875,3.829575538635254,24.714695226769138,25283.13321698483,6044.991628540913
4830,6057.943337853998,3700044424.0,10347533312.0,24.707163530662264,25275.428291867498,0.2700238525867462,1.395918367346939e-05,9.63689136505127,12.310546875,3.6346867084503174,24.707163530662264,25275.428291867498,6057.943337853998
4840,6070.893201557919,3700044424.0,10347533312.0,24.710684785284542,25279.030535346086,0.3161753714084625,1.3142857142857143e-05,9.63689136505127,12.310546875,3.6109797954559326,24.710684785284542,25279.030535346086,6070.893201557919
4850,6083.844328824896,3700044424.0,10347533312.0,24.708273913417695,25276.564213426303,0.23537111282348633,1.2326530612244898e-05,9.63689136505127,12.310546875,3.6953115463256836,24.708273913417695,25276.564213426303,6083.844328824896
4860,6096.793765931856,3700044424.0,10347533312.0,24.711498836348632,25279.86330958465,0.23522157967090607,1.1510204081632654e-05,9.63689136505127,12.310546875,3.702063798904419,24.711498836348632,25279.86330958465,6096.793765931856
4870,6109.743689478841,3700044424.0,10347533312.0,24.710570594411543,25278.913718083008,0.23837551474571228,1.0693877551020409e-05,9.63689136505127,12.310546875,3.6975409984588623,24.710570594411543,25278.913718083008,6109.743689478841
4880,6122.693082728889,3700044424.0,10347533312.0,24.711582529074086,25279.94892724279,0.2328452169895172,9.877551020408164e-06,9.63689136505127,12.310546875,3.748276948928833,24.711582529074086,25279.94892724279,6122.693082728889
4890,6135.641702609835,3700044424.0,10347533312.0,24.713058452729307,25281.45879714208,0.2474403977394104,9.061224489795919e-06,9.63689136505127,12.310546875,3.5969715118408203,24.713058452729307,25281.45879714208,6135.641702609835
4900,6148.590950986836,3700044424.0,10347533312.0,24.711858996260368,25280.231753174357,0.23410777747631073,8.244897959183674e-06,9.63689136505127,12.310546875,3.714184045791626,24.711858996260368,25280.231753174357,6148.590950986836
4910,6161.544094659854,3700044424.0,10347533312.0,24.704427595177858,25272.62942986695,0.2443145364522934,7.428571428571429e-06,9.63689136505127,12.310546875,3.7970542907714844,24.704427595177858,25272.62942986695,6161.544094659854
4920,6174.500064740889,3700044424.0,10347533312.0,24.699038203894595,25267.116082584173,0.248399555683136,6.612244897959184e-06,9.63689136505127,12.310546875,3.707904577255249,24.699038203894595,25267.116082584173,6174.500064740889
4930,6187.451135573909,3700044424.0,10347533312.0,24.708381579083902,25276.674355402833,0.2342311292886734,5.795918367346939e-06,9.63689136505127,12.310546875,3.718238115310669,24.708381579083902,25276.674355402833,6187.451135573909
4940,6200.398529293016,3700044424.0,10347533312.0,24.71539886268887,25283.853036530712,0.24241521954536438,4.9795918367346945e-06,9.63689136505127,12.310546875,3.80450701713562,24.71539886268887,25283.853036530712,6200.398529293016
4950,6213.348857247969,3700044424.0,10347533312.0,24.709798942010508,25278.12431767675,0.23112711310386658,4.163265306122449e-06,9.63689136505127,12.310546875,3.669149160385132,24.709798942010508,25278.12431767675,6213.348857247969
4960,6226.299085945822,3700044424.0,10347533312.0,24.70998833040287,25278.318062002134,0.2697272002696991,3.346938775510204e-06,9.63689136505127,12.310546875,3.7141337394714355,24.70998833040287,25278.318062002134,6226.299085945822
4970,6239.253169084899,3700044424.0,10347533312.0,24.702635961529328,25270.7965886445,0.23260055482387543,2.5306122448979594e-06,9.63689136505127,12.310546875,3.7484545707702637,24.702635961529328,25270.7965886445,6239.253169084899
4980,6252.207176722819,3700044424.0,10347533312.0,24.70277993840872,25270.94387699212,0.24374184012413025,1.7142857142857145e-06,9.63689136505127,12.310546875,3.720651865005493,24.70277993840872,25270.94387699212,6252.207176722819
4990,6265.160439447034,3700044424.0,10347533312.0,24.70420054105625,25272.39715350054,0.24034248292446136,8.979591836734694e-07,9.63689136505127,12.310546875,3.705667495727539,24.70420054105625,25272.39715350054,6265.160439447034
5000,6278.113172692945,3700044424.0,10347533312.0,24.705210392641856,25273.430231672617,0.23637978732585907,8.16326530612245e-08,9.63689136505127,12.310546875,3.585026741027832,24.705210392641856,25273.430231672617,6278.113172692945
5000.0,,,,,,,,,,,,,
5000,6280.458382906858,3700044424.0,10347533312.0,25.475847501109516,26061.791993635037,,,,,,,,
