step,efficiency/elapsed_wall_seconds,efficiency/optimizer_state_bytes,efficiency/peak_cuda_memory_bytes,efficiency/sequences_per_second,efficiency/tokens_per_second,grad_norm,lr,memory/max_allocated_gb,memory/max_reserved_gb,step_loss,throughput/sequences_per_second,throughput/tokens_per_second,wall_time_seconds
10,29.526882958831266,2047423668.0,7681658880.0,10.837581482819216,11086.84585692406,1.6828194856643677,3.6e-05,7.154102325439453,8.0078125,10.245920181274414,10.837581482819216,11086.84585692406,29.526882958831266
20,32.772000568918884,2047423668.0,7681658880.0,98.60967719791209,100877.69977346408,1.8354181051254272,7.6e-05,7.154102325439453,8.0078125,8.757434844970703,98.60967719791209,100877.69977346408,32.772000568918884
30,36.0203557938803,2047423668.0,7681658880.0,98.51139356343057,100777.15561538948,1.2032470703125,0.000116,7.154102325439453,8.0078125,7.8553853034973145,98.51139356343057,100777.15561538948,36.0203557938803
40,39.27302450290881,2047423668.0,7681658880.0,98.38075396727866,100643.51130852608,0.692095160484314,0.00015600000000000002,7.154102325439453,8.0078125,7.354852199554443,98.38075396727866,100643.51130852608,39.27302450290881
50,42.53377580293454,2047423668.0,7681658880.0,98.13689256137836,100394.04109029006,0.5467379093170166,0.000196,7.154102325439453,8.0078125,7.033909797668457,98.13689256137836,100394.04109029006,42.53377580293454
60,45.80349117098376,2047423668.0,7681658880.0,97.86784596817023,100118.80642543813,0.555776059627533,0.000236,7.154102325439453,8.0078125,6.8089728355407715,97.86784596817023,100118.80642543813,45.80349117098376
70,49.07994128600694,2047423668.0,7681658880.0,97.66667849839551,99913.01210385861,0.5847168564796448,0.000276,7.154102325439453,8.0078125,6.611642360687256,97.66667849839551,99913.01210385861,49.07994128600694
80,52.359220921993256,2047423668.0,7681658880.0,97.58240696778918,99826.80232804833,0.5806956887245178,0.00031600000000000004,7.154102325439453,8.0078125,6.557920932769775,97.58240696778918,99826.80232804833,52.359220921993256
90,55.64516932494007,2047423668.0,7681658880.0,97.38436541274547,99624.20581723862,0.6156370043754578,0.00035600000000000003,7.154102325439453,8.0078125,6.358343124389648,97.38436541274547,99624.20581723862,55.64516932494007
100,58.93102507200092,2047423668.0,7681658880.0,97.38711149636903,99627.01506078552,0.4742143154144287,0.00039600000000000003,7.154102325439453,8.0078125,6.398414134979248,97.38711149636903,99627.01506078552,58.93102507200092
110,62.22084446880035,2047423668.0,7681658880.0,97.2697772744968,99506.98215181023,0.4883832633495331,0.000399265306122449,7.154102325439453,8.0078125,6.174867630004883,97.2697772744968,99506.98215181023,62.22084446880035
120,65.5142087850254,2047423668.0,7681658880.0,97.1650777970392,99399.87458637111,0.6308041214942932,0.0003984489795918367,7.154102325439453,8.0078125,6.07521915435791,97.1650777970392,99399.87458637111,65.5142087850254
130,68.81257023196667,2047423668.0,7681658880.0,97.0178693717001,99249.2803672492,0.46846824884414673,0.00039763265306122454,7.154102325439453,8.0078125,6.113261699676514,97.0178693717001,99249.2803672492,68.81257023196667
140,72.11228512483649,2047423668.0,7681658880.0,96.97807549721087,99208.57123364671,0.4183873236179352,0.00039681632653061226,7.154102325439453,8.0078125,6.0415215492248535,96.97807549721087,99208.57123364671,72.11228512483649
150,75.41291128098965,2047423668.0,7681658880.0,96.95130101403439,99181.18093735717,0.4003605246543884,0.00039600000000000003,7.154102325439453,8.0078125,5.885767936706543,96.95130101403439,99181.18093735717,75.41291128098965
160,78.7158478628844,2047423668.0,7681658880.0,96.8834829448737,99111.8030526058,0.4683433175086975,0.00039518367346938775,7.154102325439453,8.0078125,5.8433356285095215,96.8834829448737,99111.8030526058,78.7158478628844
170,82.0188799300231,2047423668.0,7681658880.0,96.88068220215753,99108.93789280715,0.47160619497299194,0.0003943673469387756,7.154102325439453,8.0078125,5.818174362182617,96.88068220215753,99108.93789280715,82.0188799300231
180,85.3266763058491,2047423668.0,7681658880.0,96.74114233228511,98966.18860592766,0.5277679562568665,0.0003935510204081633,7.154102325439453,8.0078125,5.855470657348633,96.74114233228511,98966.18860592766,85.3266763058491
190,88.6389430379495,2047423668.0,7681658880.0,96.61057694984588,98832.62021969234,0.4827719032764435,0.00039273469387755106,7.154102325439453,8.0078125,5.735781192779541,96.61057694984588,98832.62021969234,88.6389430379495
200,91.95723105082288,2047423668.0,7681658880.0,96.43526986161298,98653.28106843008,0.3863556385040283,0.0003919183673469388,7.154102325439453,8.0078125,5.6923322677612305,96.43526986161298,98653.28106843008,91.95723105082288
210,95.27332990686409,2047423668.0,7681658880.0,96.49893259877639,98718.40804854824,0.40790173411369324,0.00039110204081632655,7.154102325439453,8.0078125,5.616089820861816,96.49893259877639,98718.40804854824,95.27332990686409
220,98.59284528181888,2047423668.0,7681658880.0,96.399613755173,98616.80487154197,0.39247769117355347,0.0003902857142857143,7.154102325439453,8.0078125,5.652066707611084,96.399613755173,98616.80487154197,98.59284528181888
230,101.91415871703066,2047423668.0,7681658880.0,96.34742587298021,98563.41666805875,0.41993364691734314,0.00038946938775510204,7.154102325439453,8.0078125,5.521613121032715,96.34742587298021,98563.41666805875,101.91415871703066
240,105.23464584699832,2047423668.0,7681658880.0,96.37140198857409,98587.94423431129,0.39920711517333984,0.0003886530612244898,7.154102325439453,8.0078125,5.563446044921875,96.37140198857409,98587.94423431129,105.23464584699832
250,108.55776652484201,2047423668.0,7681658880.0,96.29502838507867,98509.81403793549,0.4187193810939789,0.00038783673469387753,7.154102325439453,8.0078125,5.401700973510742,96.29502838507867,98509.81403793549,108.55776652484201
260,111.88253988488577,2047423668.0,7681658880.0,96.24716194062258,98460.84666525689,0.3744560778141022,0.00038702040816326536,7.154102325439453,8.0078125,5.424557209014893,96.24716194062258,98460.84666525689,111.88253988488577
270,115.20871613989584,2047423668.0,7681658880.0,96.20656738138831,98419.31843116025,0.4454200267791748,0.0003862040816326531,7.154102325439453,8.0078125,5.369928359985352,96.20656738138831,98419.31843116025,115.20871613989584
280,118.53266010782681,2047423668.0,7681658880.0,96.271177579202,98485.41466352365,0.4835004508495331,0.00038538775510204085,7.154102325439453,8.0078125,5.425083637237549,96.271177579202,98485.41466352365,118.53266010782681
290,121.85736105684191,2047423668.0,7681658880.0,96.24925817607635,98462.9911141261,0.40880969166755676,0.00038457142857142856,7.154102325439453,8.0078125,5.480623722076416,96.24925817607635,98462.9911141261,121.85736105684191
300,125.18298664898612,2047423668.0,7681658880.0,96.22249743203326,98435.61487297004,0.4474444091320038,0.00038375510204081634,7.154102325439453,8.0078125,5.381412029266357,96.22249743203326,98435.61487297004,125.18298664898612
310,128.51015025097877,2047423668.0,7681658880.0,96.17801775913595,98390.11216759607,0.3821016550064087,0.0003829387755102041,7.154102325439453,8.0078125,5.491942882537842,96.17801775913595,98390.11216759607,128.51015025097877
320,131.83841734495945,2047423668.0,7681658880.0,96.14612979190699,98357.49077712084,0.3671101927757263,0.0003821224489795919,7.154102325439453,8.0078125,5.306827068328857,96.14612979190699,98357.49077712084,131.83841734495945
330,135.16621651896276,2047423668.0,7681658880.0,96.15964884534898,98371.32076879201,0.39161205291748047,0.0003813061224489796,7.154102325439453,8.0078125,5.243700981140137,96.15964884534898,98371.32076879201,135.16621651896276
340,138.49617766682059,2047423668.0,7681658880.0,96.09721729211662,98307.4532898353,0.44503408670425415,0.00038048979591836737,7.154102325439453,8.0078125,5.479064464569092,96.09721729211662,98307.4532898353,138.49617766682059
350,141.8253953519743,2047423668.0,7681658880.0,96.11867719765095,98329.40677319693,0.4001142978668213,0.0003796734693877551,7.154102325439453,8.0078125,5.256104469299316,96.11867719765095,98329.40677319693,141.8253953519743
360,145.15429961681366,2047423668.0,7681658880.0,96.1277268859642,98338.66460434136,0.3658067286014557,0.0003788571428571429,7.154102325439453,8.0078125,5.064840793609619,96.1277268859642,98338.66460434136,145.15429961681366
370,148.48445758898742,2047423668.0,7681658880.0,96.0915376008783,98301.6429656985,0.36557844281196594,0.00037804081632653063,7.154102325439453,8.0078125,5.335665225982666,96.0915376008783,98301.6429656985,148.48445758898742
380,151.81471339496784,2047423668.0,7681658880.0,96.0887146943336,98298.75513230327,0.37314361333847046,0.0003772244897959184,7.154102325439453,8.0078125,5.330080032348633,96.0887146943336,98298.75513230327,151.81471339496784
390,155.14598828391172,2047423668.0,7681658880.0,96.05931983038785,98268.68418648676,0.4249611794948578,0.0003764081632653061,7.154102325439453,8.0078125,5.275073051452637,96.05931983038785,98268.68418648676,155.14598828391172
400,158.47677165293135,2047423668.0,7681658880.0,96.07349519527227,98283.18558476355,0.3802030384540558,0.0003755918367346939,7.154102325439453,8.0078125,5.193759441375732,96.07349519527227,98283.18558476355,158.47677165293135
410,161.80921016982757,2047423668.0,7681658880.0,96.0257776332639,98234.37051882898,0.5510758757591248,0.00037477551020408166,7.154102325439453,8.0078125,5.120402812957764,96.0257776332639,98234.37051882898,161.80921016982757
420,165.14040905889124,2047423668.0,7681658880.0,96.0615113827518,98270.9261445551,0.4094361662864685,0.0003739591836734694,7.154102325439453,8.0078125,5.176562309265137,96.0615113827518,98270.9261445551,165.14040905889124
430,168.473973804852,2047423668.0,7681658880.0,95.99333577898567,98201.18250190234,0.3913697600364685,0.00037314285714285715,7.154102325439453,8.0078125,5.191784381866455,95.99333577898567,98201.18250190234,168.473973804852
440,171.80767444591038,2047423668.0,7681658880.0,95.98942270305537,98197.17942522564,0.4114187955856323,0.00037232653061224487,7.154102325439453,8.0078125,4.983757495880127,95.98942270305537,98197.17942522564,171.80767444591038
450,175.14002366689965,2047423668.0,7681658880.0,96.0283508056223,98237.00287415161,0.3627900183200836,0.0003715102040816327,7.154102325439453,8.0078125,5.120416164398193,96.0283508056223,98237.00287415161,175.14002366689965
460,178.4744673119858,2047423668.0,7681658880.0,95.96803366929699,98175.29844369082,0.4100116193294525,0.0003706938775510204,7.154102325439453,8.0078125,5.230246543884277,95.96803366929699,98175.29844369082,178.4744673119858
470,181.81121982098557,2047423668.0,7681658880.0,95.90162864548883,98107.36610433507,0.37661266326904297,0.0003698775510204082,7.154102325439453,8.0078125,4.997375965118408,95.90162864548883,98107.36610433507,181.81121982098557
480,185.1457351129502,2047423668.0,7681658880.0,95.96597165744646,98173.18900556774,0.5160430669784546,0.0003690612244897959,7.154102325439453,8.0078125,5.201834201812744,95.96597165744646,98173.18900556774,185.1457351129502
490,188.48117119795643,2047423668.0,7681658880.0,95.93947893005513,98146.0869454464,0.39740002155303955,0.00036824489795918373,7.154102325439453,8.0078125,5.088485240936279,95.93947893005513,98146.0869454464,188.48117119795643
500,191.8149631298147,2047423668.0,7681658880.0,95.98679417933232,98194.49044545696,0.36866456270217896,0.00036742857142857145,7.154102325439453,8.0078125,5.146507740020752,95.98679417933232,98194.49044545696,191.8149631298147
500.0,,,,,,,,,,,,,
510,208.31300252699293,2047423668.0,7681658880.0,19.396244141272447,19842.357756521713,0.37020713090896606,0.0003666122448979592,7.154102325439453,8.0078125,5.025440216064453,19.396244141272447,19842.357756521713,208.31300252699293
520,211.61811875994317,2047423668.0,7681658880.0,96.81959043066965,99046.44101057504,0.3688074052333832,0.00036579591836734694,7.154102325439453,8.0078125,4.951118469238281,96.81959043066965,99046.44101057504,211.61811875994317
530,214.93099115788937,2047423668.0,7681658880.0,96.59291441420537,98814.55144573208,0.40219300985336304,0.0003649795918367347,7.154102325439453,8.0078125,5.208408355712891,96.59291441420537,98814.55144573208,214.93099115788937
540,218.25662322086282,2047423668.0,7681658880.0,96.22231020766841,98435.42334244479,0.3969731032848358,0.0003641632653061225,7.154102325439453,8.0078125,4.985905170440674,96.22231020766841,98435.42334244479,218.25662322086282
550,221.5811558868736,2047423668.0,7681658880.0,96.25413017342335,98467.97516741209,0.5914015173912048,0.00036334693877551025,7.154102325439453,8.0078125,5.0039849281311035,96.25413017342335,98467.97516741209,221.5811558868736
560,224.91009649587795,2047423668.0,7681658880.0,96.12667739834166,98337.5909785035,1.2209450006484985,0.00036253061224489797,7.154102325439453,8.0078125,5.019217491149902,96.12667739834166,98337.5909785035,224.91009649587795
570,228.24214619980194,2047423668.0,7681658880.0,96.03698276864006,98245.83337231878,0.3643306493759155,0.00036171428571428574,7.154102325439453,8.0078125,4.922420978546143,96.03698276864006,98245.83337231878,228.24214619980194
580,231.57746363594197,2047423668.0,7681658880.0,95.94289183171021,98149.57834383954,0.3901764750480652,0.0003608979591836735,7.154102325439453,8.0078125,4.984506607055664,95.94289183171021,98149.57834383954,231.57746363594197
590,234.91305950796232,2047423668.0,7681658880.0,95.93488308467599,98141.38539562353,0.42635539174079895,0.00036008163265306123,7.154102325439453,8.0078125,5.089537143707275,95.93488308467599,98141.38539562353,234.91305950796232
600,238.25133778899908,2047423668.0,7681658880.0,95.85779646285751,98062.52578150324,0.36505746841430664,0.000359265306122449,7.154102325439453,8.0078125,4.8657355308532715,95.85779646285751,98062.52578150324,238.25133778899908
610,241.58769015502185,2047423668.0,7681658880.0,95.91313053706884,98119.13253942142,0.3754570186138153,0.0003584489795918367,7.154102325439453,8.0078125,4.875908374786377,95.91313053706884,98119.13253942142,241.58769015502185
620,244.92767671798356,2047423668.0,7681658880.0,95.80876867847097,98012.3703580758,0.43149465322494507,0.0003576326530612245,7.154102325439453,8.0078125,4.967126369476318,95.80876867847097,98012.3703580758,244.92767671798356
630,248.2664794328157,2047423668.0,7681658880.0,95.84273984756521,98047.1228640592,0.5145906805992126,0.00035681632653061226,7.154102325439453,8.0078125,4.8334455490112305,95.84273984756521,98047.1228640592,248.2664794328157
640,251.60320908180438,2047423668.0,7681658880.0,95.9022856697385,98108.03824014249,0.4187853932380676,0.00035600000000000003,7.154102325439453,8.0078125,4.887992858886719,95.9022856697385,98108.03824014249,251.60320908180438
650,254.94175448082387,2047423668.0,7681658880.0,95.85012685284482,98054.67977046025,0.39108172059059143,0.00035518367346938775,7.154102325439453,8.0078125,4.881279468536377,95.85012685284482,98054.67977046025,254.94175448082387
660,258.28111813100986,2047423668.0,7681658880.0,95.82664049846068,98030.65322992527,0.47705087065696716,0.0003543673469387755,7.154102325439453,8.0078125,5.062148094177246,95.82664049846068,98030.65322992527,258.28111813100986
670,261.6203234018758,2047423668.0,7681658880.0,95.8311855793809,98035.30284770665,0.36082884669303894,0.0003535510204081633,7.154102325439453,8.0078125,4.879732131958008,95.8311855793809,98035.30284770665,261.6203234018758
680,264.9595837558154,2047423668.0,7681658880.0,95.82960478732032,98033.6856974287,0.3641119599342346,0.00035273469387755107,7.154102325439453,8.0078125,4.774032115936279,95.82960478732032,98033.6856974287,264.9595837558154
690,268.29897324484773,2047423668.0,7681658880.0,95.82589903064228,98029.89470834706,0.35024163126945496,0.0003519183673469388,7.154102325439453,8.0078125,4.671031951904297,95.82589903064228,98029.89470834706,268.29897324484773
700,271.63782441290095,2047423668.0,7681658880.0,95.84134898309395,98045.70000970512,0.48261314630508423,0.00035110204081632656,7.154102325439453,8.0078125,4.730628967285156,95.84134898309395,98045.70000970512,271.63782441290095
710,274.976309458958,2047423668.0,7681658880.0,95.85185962655156,98056.45239796225,0.3902297019958496,0.0003502857142857143,7.154102325439453,8.0078125,4.853092670440674,95.85185962655156,98056.45239796225,274.976309458958
720,278.31588828889653,2047423668.0,7681658880.0,95.82046608131378,98024.336801184,0.382018506526947,0.0003494693877551021,7.154102325439453,8.0078125,4.814238548278809,95.82046608131378,98024.336801184,278.31588828889653
730,281.65574324387126,2047423668.0,7681658880.0,95.81254405175855,98016.232564949,0.37162870168685913,0.0003486530612244898,7.154102325439453,8.0078125,4.799799919128418,95.81254405175855,98016.232564949,281.65574324387126
740,284.99425437883474,2047423668.0,7681658880.0,95.85111058900219,98055.68613254925,0.3751666247844696,0.0003478367346938776,7.154102325439453,8.0078125,4.786804676055908,95.85111058900219,98055.68613254925,284.99425437883474
750,288.33502475894056,2047423668.0,7681658880.0,95.78628986463403,97989.37453152062,0.3876865804195404,0.0003470204081632653,7.154102325439453,8.0078125,4.762187480926514,95.78628986463403,97989.37453152062,288.33502475894056
760,291.6744940399658,2047423668.0,7681658880.0,95.82360940351536,98027.55241979622,0.36129337549209595,0.0003462040816326531,7.154102325439453,8.0078125,4.6835126876831055,95.82360940351536,98027.55241979622,291.6744940399658
770,295.0147054598201,2047423668.0,7681658880.0,95.80231900828515,98005.7723454757,0.3713589310646057,0.00034538775510204085,7.154102325439453,8.0078125,4.818173408508301,95.80231900828515,98005.7723454757,295.0147054598201
780,298.35403878381476,2047423668.0,7681658880.0,95.82751074912237,98031.54349635218,0.37936946749687195,0.00034457142857142857,7.154102325439453,8.0078125,4.892662048339844,95.82751074912237,98031.54349635218,298.35403878381476
790,301.6919871289283,2047423668.0,7681658880.0,95.86727142391256,98072.21866666253,0.3545907139778137,0.00034375510204081634,7.154102325439453,8.0078125,4.69264554977417,95.86727142391256,98072.21866666253,301.6919871289283
800,305.03058845200576,2047423668.0,7681658880.0,95.84852129185359,98053.03728156621,0.5756274461746216,0.00034293877551020406,7.154102325439453,8.0078125,4.745659351348877,95.84852129185359,98053.03728156621,305.03058845200576
810,308.3695768418256,2047423668.0,7681658880.0,95.8374102095228,98041.67064434182,0.37517568469047546,0.0003421224489795919,7.154102325439453,8.0078125,4.757640838623047,95.8374102095228,98041.67064434182,308.3695768418256
820,311.70809761993587,2047423668.0,7681658880.0,95.8508337279644,98055.40290370758,0.444100946187973,0.0003413061224489796,7.154102325439453,8.0078125,4.783383846282959,95.8508337279644,98055.40290370758,311.70809761993587
830,315.0469206038397,2047423668.0,7681658880.0,95.84215801277682,98046.52764707069,0.4841175079345703,0.00034048979591836737,7.154102325439453,8.0078125,4.693291187286377,95.84215801277682,98046.52764707069,315.0469206038397
840,318.3871977739036,2047423668.0,7681658880.0,95.80043322987945,98003.84319416668,0.3659813106060028,0.0003396734693877551,7.154102325439453,8.0078125,4.738373756408691,95.80043322987945,98003.84319416668,318.3871977739036
850,321.72570257098414,2047423668.0,7681658880.0,95.8512925546295,98055.87228338596,0.384918749332428,0.0003388571428571429,7.154102325439453,8.0078125,4.682991027832031,95.8512925546295,98055.87228338596,321.72570257098414
860,325.0673463589046,2047423668.0,7681658880.0,95.76125413389376,97963.76297897332,0.4004251956939697,0.00033804081632653063,7.154102325439453,8.0078125,4.745737552642822,95.76125413389376,97963.76297897332,325.0673463589046
870,328.4062596138101,2047423668.0,7681658880.0,95.83956682009027,98043.87685695234,0.35895758867263794,0.0003372244897959184,7.154102325439453,8.0078125,4.758482456207275,95.83956682009027,98043.87685695234,328.4062596138101
880,331.74623855180107,2047423668.0,7681658880.0,95.8089874041193,98012.59411441405,0.44218623638153076,0.0003364081632653061,7.154102325439453,8.0078125,4.805633544921875,95.8089874041193,98012.59411441405,331.74623855180107
890,335.08416694402695,2047423668.0,7681658880.0,95.86784448261037,98072.8049057104,0.37773364782333374,0.0003355918367346939,7.154102325439453,8.0078125,4.672506809234619,95.86784448261037,98072.8049057104,335.08416694402695
900,338.4237217728514,2047423668.0,7681658880.0,95.82115473535738,98025.0412942706,0.3739493787288666,0.00033477551020408167,7.154102325439453,8.0078125,4.68247127532959,95.82115473535738,98025.0412942706,338.4237217728514
910,341.76289457199164,2047423668.0,7681658880.0,95.8321174880183,98036.25619024271,0.35267871618270874,0.00033395918367346944,7.154102325439453,8.0078125,4.71849250793457,95.8321174880183,98036.25619024271,341.76289457199164
920,345.1032400538679,2047423668.0,7681658880.0,95.79847406090907,98001.83896430998,0.3479269742965698,0.00033314285714285716,7.154102325439453,8.0078125,4.584228515625,95.79847406090907,98001.83896430998,345.1032400538679
930,348.443350805901,2047423668.0,7681658880.0,95.80520640078217,98008.72614800016,0.3598891496658325,0.00033232653061224493,7.154102325439453,8.0078125,4.733632564544678,95.80520640078217,98008.72614800016,348.443350805901
940,351.7832128989976,2047423668.0,7681658880.0,95.81233927635246,98016.02307970857,0.36676448583602905,0.00033151020408163264,7.154102325439453,8.0078125,4.480850696563721,95.81233927635246,98016.02307970857,351.7832128989976
950,355.12388672097586,2047423668.0,7681658880.0,95.78905845123883,97992.20679561731,0.3503890633583069,0.0003306938775510204,7.154102325439453,8.0078125,4.6755242347717285,95.78905845123883,97992.20679561731,355.12388672097586
960,358.4645895268768,2047423668.0,7681658880.0,95.78822738579403,97991.3566156673,0.40713009238243103,0.0003298775510204082,7.154102325439453,8.0078125,4.619149208068848,95.78822738579403,97991.3566156673,358.4645895268768
970,361.80494693201035,2047423668.0,7681658880.0,95.79813211251465,98001.48915110249,0.3850058913230896,0.0003290612244897959,7.154102325439453,8.0078125,4.567001819610596,95.79813211251465,98001.48915110249,361.80494693201035
980,365.14503862685524,2047423668.0,7681658880.0,95.80575302584941,98009.28534544395,0.7754872441291809,0.0003282448979591837,7.154102325439453,8.0078125,4.568016529083252,95.80575302584941,98009.28534544395,365.14503862685524
990,368.486588018015,2047423668.0,7681658880.0,95.76395933173208,97966.53039636191,0.36866170167922974,0.00032742857142857145,7.154102325439453,8.0078125,4.718114852905273,95.76395933173208,97966.53039636191,368.486588018015
1000,371.82946389284916,2047423668.0,7681658880.0,95.72595931815074,97927.65638246821,0.39765965938568115,0.0003266122448979592,7.154102325439453,8.0078125,4.561304092407227,95.72595931815074,97927.65638246821,371.82946389284916
1000.0,,,,,,,,,,,,,
1010,377.53333357698284,2047423668.0,7681658880.0,56.10226350194089,57392.61556248553,0.38951629400253296,0.00032579591836734694,7.154102325439453,8.0078125,4.577975749969482,56.10226350194089,57392.61556248553,377.53333357698284
1020,380.8747297548689,2047423668.0,7681658880.0,95.76835040328834,97971.02246256398,0.381447434425354,0.0003249795918367347,7.154102325439453,8.0078125,4.651992321014404,95.76835040328834,97971.02246256398,380.8747297548689
1030,384.2170402749907,2047423668.0,7681658880.0,95.74215144687872,97944.22093015692,0.36118853092193604,0.00032416326530612243,7.154102325439453,8.0078125,4.552231311798096,95.74215144687872,97944.22093015692,384.2170402749907
1040,387.5585839599371,2047423668.0,7681658880.0,95.76412286381213,97966.6976896798,0.34859341382980347,0.00032334693877551025,7.154102325439453,8.0078125,4.399252891540527,95.76412286381213,97966.6976896798,387.5585839599371
1050,390.9002704080194,2047423668.0,7681658880.0,95.76003164020261,97962.51236792728,0.39728233218193054,0.00032253061224489797,7.154102325439453,8.0078125,4.648250579833984,95.76003164020261,97962.51236792728,390.9002704080194
1060,394.24319259100594,2047423668.0,7681658880.0,95.72463326505469,97926.29983015095,0.37283292412757874,0.00032171428571428574,7.154102325439453,8.0078125,4.564544200897217,95.72463326505469,97926.29983015095,394.24319259100594
1070,397.5848090539221,2047423668.0,7681658880.0,95.76203719105001,97964.56404644417,0.3750695288181305,0.00032089795918367346,7.154102325439453,8.0078125,4.408109664916992,95.76203719105001,97964.56404644417,397.5848090539221
1080,400.9269665738102,2047423668.0,7681658880.0,95.74653441550262,97948.70470705918,0.3423024117946625,0.00032008163265306123,7.154102325439453,8.0078125,4.475363731384277,95.74653441550262,97948.70470705918,400.9269665738102
1090,404.2700568039436,2047423668.0,7681658880.0,95.71982147404752,97921.37736795061,0.43280279636383057,0.000319265306122449,7.154102325439453,8.0078125,4.674137115478516,95.71982147404752,97921.37736795061,404.2700568039436
1100,407.6125466020312,2047423668.0,7681658880.0,95.73701621560218,97938.96758856103,0.3818649649620056,0.0003184489795918367,7.154102325439453,8.0078125,4.457647800445557,95.73701621560218,97938.96758856103,407.6125466020312
1110,410.953634158941,2047423668.0,7681658880.0,95.77719666106972,97980.07218427432,0.34765487909317017,0.0003176326530612245,7.154102325439453,8.0078125,4.502269744873047,95.77719666106972,97980.07218427432,410.953634158941
1120,414.2947959289886,2047423668.0,7681658880.0,95.77506927940193,97977.89587282819,0.3671376705169678,0.00031681632653061227,7.154102325439453,8.0078125,4.382774353027344,95.77506927940193,97977.89587282819,414.2947959289886
1130,417.63810854102485,2047423668.0,7681658880.0,95.71345462819409,97914.86408464254,0.3750074803829193,0.00031600000000000004,7.154102325439453,8.0078125,4.486306190490723,95.71345462819409,97914.86408464254,417.63810854102485
1140,420.9795926979277,2047423668.0,7681658880.0,95.76582888742418,97968.44295183494,0.41766390204429626,0.00031518367346938775,7.154102325439453,8.0078125,4.5594305992126465,95.76582888742418,97968.44295183494,420.9795926979277
1150,424.3206398729235,2047423668.0,7681658880.0,95.77835428211384,97981.25643060246,0.3999510109424591,0.0003143673469387755,7.154102325439453,8.0078125,4.401186943054199,95.77835428211384,97981.25643060246,424.3206398729235
1160,427.66227180697024,2047423668.0,7681658880.0,95.76159383073563,97964.11048884256,0.5932068824768066,0.00031355102040816324,7.154102325439453,8.0078125,4.36527156829834,95.76159383073563,97964.11048884256,427.66227180697024
1170,431.00374652980827,2047423668.0,7681658880.0,95.7660992653606,97968.7195484639,0.36527538299560547,0.00031273469387755107,7.154102325439453,8.0078125,4.435818195343018,95.7660992653606,97968.7195484639,431.00374652980827
1180,434.3449733539019,2047423668.0,7681658880.0,95.77320452849168,97975.98823264698,0.3635646104812622,0.0003119183673469388,7.154102325439453,8.0078125,4.592134952545166,95.77320452849168,97975.98823264698,434.3449733539019
1190,437.6848338069394,2047423668.0,7681658880.0,95.812386325592,98016.07121108062,0.38508790731430054,0.00031110204081632656,7.154102325439453,8.0078125,4.388810157775879,95.812386325592,98016.07121108062,437.6848338069394
1200,441.0263184879441,2047423668.0,7681658880.0,95.76581386684319,97968.42758578058,0.36112895607948303,0.0003102857142857143,7.154102325439453,8.0078125,4.37307596206665,95.76581386684319,97968.42758578058,441.0263184879441
1210,444.3688472500071,2047423668.0,7681658880.0,95.73590020583569,97937.82591056991,0.36654266715049744,0.00030946938775510205,7.154102325439453,8.0078125,4.3019866943359375,95.73590020583569,97937.82591056991,444.3688472500071
1220,447.7122275119182,2047423668.0,7681658880.0,95.71151796448295,97912.88287766607,0.39825302362442017,0.0003086530612244898,7.154102325439453,8.0078125,4.603021621704102,95.71151796448295,97912.88287766607,447.7122275119182
1230,451.0530407628976,2047423668.0,7681658880.0,95.78506069029369,97988.11708617044,0.3571570813655853,0.0003078367346938776,7.154102325439453,8.0078125,4.405349254608154,95.78506069029369,97988.11708617044,451.0530407628976
1240,454.3942828788422,2047423668.0,7681658880.0,95.77276620360412,97975.53982628701,0.46981698274612427,0.0003070204081632653,7.154102325439453,8.0078125,4.265072822570801,95.77276620360412,97975.53982628701,454.3942828788422
1250,457.7337617708836,2047423668.0,7681658880.0,95.82333362328549,98027.27029662105,0.3620375692844391,0.0003062040816326531,7.154102325439453,8.0078125,4.414416790008545,95.82333362328549,98027.27029662105,457.7337617708836
1260,461.07762021687813,2047423668.0,7681658880.0,95.69783086461459,97898.88097450073,0.3872040808200836,0.00030538775510204085,7.154102325439453,8.0078125,4.43511438369751,95.69783086461459,97898.88097450073,461.07762021687813
1270,464.418989719823,2047423668.0,7681658880.0,95.76911494462742,97971.80458835384,0.3693360984325409,0.00030457142857142857,7.154102325439453,8.0078125,4.382089614868164,95.76911494462742,97971.80458835384,464.418989719823
1280,467.7604526570067,2047423668.0,7681658880.0,95.76643704140831,97969.0650933607,0.35534200072288513,0.00030375510204081634,7.154102325439453,8.0078125,4.451383113861084,95.76643704140831,97969.0650933607,467.7604526570067
1290,471.10240250988863,2047423668.0,7681658880.0,95.75248405479388,97954.79118805415,0.35408109426498413,0.00030293877551020406,7.154102325439453,8.0078125,4.423511981964111,95.75248405479388,97954.79118805415,471.10240250988863
1300,474.4440219029784,2047423668.0,7681658880.0,95.76195321996741,97964.47814402667,0.36879873275756836,0.00030212244897959183,7.154102325439453,8.0078125,4.367197036743164,95.76195321996741,97964.47814402667,474.4440219029784
1310,477.7865449360106,2047423668.0,7681658880.0,95.7360642956317,97937.99377443123,0.36237943172454834,0.0003013061224489796,7.154102325439453,8.0078125,4.451218605041504,95.7360642956317,97937.99377443123,477.7865449360106
1320,481.1271315119229,2047423668.0,7681658880.0,95.79156017311368,97994.7660570953,0.34698793292045593,0.0003004897959183674,7.154102325439453,8.0078125,4.189300537109375,95.79156017311368,97994.7660570953,481.1271315119229
1330,484.4684526878409,2047423668.0,7681658880.0,95.77050009629329,97973.22159850804,0.36355507373809814,0.0002996734693877551,7.154102325439453,8.0078125,4.520157337188721,95.77050009629329,97973.22159850804,484.4684526878409
1340,487.8109406658914,2047423668.0,7681658880.0,95.73706834590945,97939.02091786537,0.36950424313545227,0.00029885714285714287,7.154102325439453,8.0078125,4.413240432739258,95.73706834590945,97939.02091786537,487.8109406658914
1350,491.15387920080684,2047423668.0,7681658880.0,95.72416502958339,97925.82082526381,0.37676793336868286,0.00029804081632653064,7.154102325439453,8.0078125,4.3954620361328125,95.72416502958339,97925.82082526381,491.15387920080684
1360,494.49484025896527,2047423668.0,7681658880.0,95.78082307142704,97983.78200206986,0.3523235023021698,0.0002972244897959184,7.154102325439453,8.0078125,4.384028434753418,95.78082307142704,97983.78200206986,494.49484025896527
1370,497.83744326396845,2047423668.0,7681658880.0,95.73377380473431,97935.6506022432,0.37903279066085815,0.0002964081632653061,7.154102325439453,8.0078125,4.3090643882751465,95.73377380473431,97935.6506022432,497.83744326396845
1380,501.1802016729489,2047423668.0,7681658880.0,95.72932316625341,97931.09759907723,0.37478402256965637,0.0002955918367346939,7.154102325439453,8.0078125,4.376282691955566,95.72932316625341,97931.09759907723,501.1802016729489
1390,504.5211850069463,2047423668.0,7681658880.0,95.7801844575877,97983.12870011221,0.35877925157546997,0.0002947755102040816,7.154102325439453,8.0078125,4.421847820281982,95.7801844575877,97983.12870011221,504.5211850069463
1400,507.8636153258849,2047423668.0,7681658880.0,95.73871987303541,97940.71043011523,0.36316272616386414,0.00029395918367346944,7.154102325439453,8.0078125,4.318816661834717,95.73871987303541,97940.71043011523,507.8636153258849
1410,511.2061929088086,2047423668.0,7681658880.0,95.73450191097778,97936.39545493027,0.39617985486984253,0.00029314285714285716,7.154102325439453,8.0078125,4.156836032867432,95.73450191097778,97936.39545493027,511.2061929088086
1420,514.5490351358894,2047423668.0,7681658880.0,95.72692285852884,97928.642084275,0.3595064580440521,0.00029232653061224493,7.154102325439453,8.0078125,4.303166389465332,95.72692285852884,97928.642084275,514.5490351358894
1430,517.8914671908133,2047423668.0,7681658880.0,95.73867014846192,97940.65956187656,0.38487377762794495,0.00029151020408163265,7.154102325439453,8.0078125,4.398102283477783,95.73867014846192,97940.65956187656,517.8914671908133
1440,521.2321817609482,2047423668.0,7681658880.0,95.78789007020146,97991.01154181609,0.3658582270145416,0.0002906938775510204,7.154102325439453,8.0078125,4.330074310302734,95.78789007020146,97991.01154181609,521.2321817609482
1450,524.5732667269185,2047423668.0,7681658880.0,95.77727093422207,97980.14816570918,0.3980700671672821,0.0002898775510204082,7.154102325439453,8.0078125,4.370715141296387,95.77727093422207,97980.14816570918,524.5732667269185
1460,527.9144038448576,2047423668.0,7681658880.0,95.77577594222987,97978.61878890115,0.3591747581958771,0.0002890612244897959,7.154102325439453,8.0078125,4.506474494934082,95.77577594222987,97978.61878890115,527.9144038448576
1470,531.2550550508313,2047423668.0,7681658880.0,95.78970693731242,97992.8701968706,0.38032615184783936,0.0002882448979591837,7.154102325439453,8.0078125,4.271798610687256,95.78970693731242,97992.8701968706,531.2550550508313
1480,534.5952061528806,2047423668.0,7681658880.0,95.80404904546715,98007.54217351289,0.4019837975502014,0.0002874285714285714,7.154102325439453,8.0078125,4.291451454162598,95.80404904546715,98007.54217351289,534.5952061528806
1490,537.9358609318733,2047423668.0,7681658880.0,95.78960448480804,97992.76538795861,0.36807310581207275,0.0002866122448979592,7.154102325439453,8.0078125,4.324014663696289,95.78960448480804,97992.76538795861,537.9358609318733
1500,541.275847076904,2047423668.0,7681658880.0,95.80878066698028,98012.38262232083,0.3674165904521942,0.00028579591836734694,7.154102325439453,8.0078125,4.294567108154297,95.80878066698028,98012.38262232083,541.275847076904
1500.0,,,,,,,,,,,,,
1510,547.0109293728601,2047423668.0,7681658880.0,55.79693254369476,57080.26199219973,0.3617900311946869,0.0002849795918367347,7.154102325439453,8.0078125,4.3586506843566895,55.79693254369476,57080.26199219973,547.0109293728601
1520,550.3500832479913,2047423668.0,7681658880.0,95.8326605980177,98036.8117917721,0.3894057273864746,0.00028416326530612243,7.154102325439453,8.0078125,4.182153224945068,95.8326605980177,98036.8117917721,550.3500832479913
1530,553.6922688619234,2047423668.0,7681658880.0,95.74572958068579,97947.88136104155,0.3921375274658203,0.0002833469387755102,7.154102325439453,8.0078125,4.188694953918457,95.74572958068579,97947.88136104155,553.6922688619234
1540,557.0331009509973,2047423668.0,7681658880.0,95.7845205829248,97987.56455633207,0.35975393652915955,0.000282530612244898,7.154102325439453,8.0078125,4.27409029006958,95.7845205829248,97987.56455633207,557.0331009509973
1550,560.3743211268447,2047423668.0,7681658880.0,95.77339509475473,97976.18318193409,0.38617947697639465,0.00028171428571428575,7.154102325439453,8.0078125,4.34495735168457,95.77339509475473,97976.18318193409,560.3743211268447
1560,563.713496544864,2047423668.0,7681658880.0,95.83204232792748,98036.17930146982,0.3635307550430298,0.00028089795918367346,7.154102325439453,8.0078125,4.323347091674805,95.83204232792748,98036.17930146982,563.713496544864
1570,567.0532067809254,2047423668.0,7681658880.0,95.81669587520474,98020.47988033446,0.36474281549453735,0.00028008163265306124,7.154102325439453,8.0078125,4.179759502410889,95.81669587520474,98020.47988033446,567.0532067809254
1580,570.3935226530302,2047423668.0,7681658880.0,95.7993232533299,98002.70768815649,0.38577479124069214,0.000279265306122449,7.154102325439453,8.0078125,4.301616668701172,95.7993232533299,98002.70768815649,570.3935226530302
1590,573.7334830239415,2047423668.0,7681658880.0,95.80952001316416,98013.13897346694,0.36726856231689453,0.0002784489795918368,7.154102325439453,8.0078125,4.3383870124816895,95.80952001316416,98013.13897346694,573.7334830239415
1600,577.0726785978768,2047423668.0,7681658880.0,95.83146387046622,98035.58753948695,0.3625974953174591,0.0002776326530612245,7.154102325439453,8.0078125,4.234012126922607,95.83146387046622,98035.58753948695,577.0726785978768
1610,580.4119657068513,2047423668.0,7681658880.0,95.82883698139675,98032.90023196887,0.3759572505950928,0.00027681632653061227,7.154102325439453,8.0078125,4.261022567749023,95.82883698139675,98032.90023196887,580.4119657068513
1620,583.7503370968625,2047423668.0,7681658880.0,95.85512293733446,98059.79076489314,0.36432772874832153,0.000276,7.154102325439453,8.0078125,4.251056671142578,95.85512293733446,98059.79076489314,583.7503370968625
1630,587.0915055649821,2047423668.0,7681658880.0,95.77487727821678,97977.69945561576,0.3653204143047333,0.00027518367346938776,7.154102325439453,8.0078125,4.229686737060547,95.77487727821678,97977.69945561576,587.0915055649821
1640,590.4306341768242,2047423668.0,7681658880.0,95.83338565191072,98037.55352190466,0.39024972915649414,0.00027436734693877553,7.154102325439453,8.0078125,4.336636066436768,95.83338565191072,98037.55352190466,590.4306341768242
1650,593.7697659789119,2047423668.0,7681658880.0,95.83329409157604,98037.45985568229,0.3754386603832245,0.00027355102040816325,7.154102325439453,8.0078125,4.361405372619629,95.83329409157604,98037.45985568229,593.7697659789119
1660,597.110217145877,2047423668.0,7681658880.0,95.79544319180475,97998.73838521626,0.3765007555484772,0.000272734693877551,7.154102325439453,8.0078125,4.227716445922852,95.79544319180475,97998.73838521626,597.110217145877
1670,600.4509757268243,2047423668.0,7681658880.0,95.78662817031868,97989.72061823601,0.4102100431919098,0.0002719183673469388,7.154102325439453,8.0078125,4.280533790588379,95.78662817031868,97989.72061823601,600.4509757268243
1680,603.790743289981,2047423668.0,7681658880.0,95.81505118204473,98018.79735923176,0.3676106333732605,0.00027110204081632656,7.154102325439453,8.0078125,4.314321517944336,95.81505118204473,98018.79735923176,603.790743289981
1690,607.1295443659183,2047423668.0,7681658880.0,95.84278689324839,98047.1709917931,0.37840938568115234,0.0002702857142857143,7.154102325439453,8.0078125,4.2737135887146,95.84278689324839,98047.1709917931,607.1295443659183
1700,610.4697004759219,2047423668.0,7681658880.0,95.80390540478541,98007.39522909548,0.3816312551498413,0.00026946938775510205,7.154102325439453,8.0078125,4.377405643463135,95.80390540478541,98007.39522909548,610.4697004759219
1710,613.8079853300005,2047423668.0,7681658880.0,95.8576077200329,98062.33269759367,0.3495451509952545,0.00026865306122448977,7.154102325439453,8.0078125,4.225167751312256,95.8576077200329,98062.33269759367,613.8079853300005
1720,617.1472710648086,2047423668.0,7681658880.0,95.82887641640892,98032.94057398631,0.3708624541759491,0.0002678367346938776,7.154102325439453,8.0078125,4.182671070098877,95.82887641640892,98032.94057398631,617.1472710648086
1730,620.4856809128541,2047423668.0,7681658880.0,95.85401869915437,98058.66112923493,0.3769272565841675,0.0002670204081632653,7.154102325439453,8.0078125,4.16163969039917,95.85401869915437,98058.66112923493,620.4856809128541
1740,623.8264747948851,2047423668.0,7681658880.0,95.78561602413497,97988.68519269007,0.36347585916519165,0.0002662040816326531,7.154102325439453,8.0078125,4.2040300369262695,95.78561602413497,97988.68519269007,623.8264747948851
1750,627.1648563658819,2047423668.0,7681658880.0,95.85483061016896,98059.49171420284,0.36830320954322815,0.0002653877551020408,7.154102325439453,8.0078125,4.2637224197387695,95.85483061016896,98059.49171420284,627.1648563658819
1760,630.5037101728376,2047423668.0,7681658880.0,95.84127323375256,98045.62251812888,0.3714851140975952,0.00026457142857142863,7.154102325439453,8.0078125,4.126842975616455,95.84127323375256,98045.62251812888,630.5037101728376
1770,633.8424291089177,2047423668.0,7681658880.0,95.84514483740945,98049.58316866987,0.36593401432037354,0.00026375510204081635,7.154102325439453,8.0078125,4.1806559562683105,95.84514483740945,98049.58316866987,633.8424291089177
1780,637.1819910358172,2047423668.0,7681658880.0,95.82095107219496,98024.83294685544,0.4007970988750458,0.0002629387755102041,7.154102325439453,8.0078125,4.227304458618164,95.82095107219496,98024.83294685544,637.1819910358172
1790,640.5207584458403,2047423668.0,7681658880.0,95.84375330828522,98048.15963437578,0.3722219467163086,0.00026212244897959184,7.154102325439453,8.0078125,4.349486351013184,95.84375330828522,98048.15963437578,640.5207584458403
1800,643.8599714718293,2047423668.0,7681658880.0,95.83096301716843,98035.0751665633,0.3698002099990845,0.0002613061224489796,7.154102325439453,8.0078125,4.255026817321777,95.83096301716843,98035.0751665633,643.8599714718293
1810,647.2008305049967,2047423668.0,7681658880.0,95.783748078894,97986.77428470856,0.3741011917591095,0.0002604897959183674,7.154102325439453,8.0078125,4.236841678619385,95.783748078894,97986.77428470856,647.2008305049967
1820,650.5413356858771,2047423668.0,7681658880.0,95.79389423837398,97997.15380585658,0.36011016368865967,0.0002596734693877551,7.154102325439453,8.0078125,4.216139793395996,95.79389423837398,97997.15380585658,650.5413356858771
1830,653.8807589288335,2047423668.0,7681658880.0,95.82493045017654,98028.9038505306,0.3814539313316345,0.00025885714285714287,7.154102325439453,8.0078125,4.3030853271484375,95.82493045017654,98028.9038505306,653.8807589288335
1840,657.2220029199962,2047423668.0,7681658880.0,95.77271245272092,97975.48483913351,0.37328240275382996,0.0002580408163265306,7.154102325439453,8.0078125,4.117361068725586,95.77271245272092,97975.48483913351,657.2220029199962
1850,660.5624013438355,2047423668.0,7681658880.0,95.79695575122471,98000.28573350288,0.3657517731189728,0.0002572244897959184,7.154102325439453,8.0078125,4.2337775230407715,95.79695575122471,98000.28573350288,660.5624013438355
1860,663.9020234518684,2047423668.0,7681658880.0,95.81922434585972,98023.0665058145,0.3778471052646637,0.00025640816326530613,7.154102325439453,8.0078125,4.270826816558838,95.81922434585972,98023.0665058145,663.9020234518684
1870,667.2417391228955,2047423668.0,7681658880.0,95.81653994562622,98020.32036437561,0.35420382022857666,0.0002555918367346939,7.154102325439453,8.0078125,4.114480018615723,95.81653994562622,98020.32036437561,667.2417391228955
1880,670.5809764908627,2047423668.0,7681658880.0,95.83026443993383,98034.3605220523,0.389470636844635,0.0002547755102040816,7.154102325439453,8.0078125,4.263664245605469,95.83026443993383,98034.3605220523,670.5809764908627
1890,673.9229493949097,2047423668.0,7681658880.0,95.75182360470147,97954.1155476096,0.3672688901424408,0.0002539591836734694,7.154102325439453,8.0078125,4.21053409576416,95.75182360470147,97954.1155476096,673.9229493949097
1900,677.2647974300198,2047423668.0,7681658880.0,95.7554013940827,97957.7756261466,0.36407163739204407,0.00025314285714285716,7.154102325439453,8.0078125,3.9979066848754883,95.7554013940827,97957.7756261466,677.2647974300198
1910,680.6044557758141,2047423668.0,7681658880.0,95.81818463645601,98022.00288309451,0.3836090862751007,0.00025232653061224493,7.154102325439453,8.0078125,4.188268184661865,95.81818463645601,98022.00288309451,680.6044557758141
1920,683.9437383988407,2047423668.0,7681658880.0,95.82896571658607,98033.03192806755,0.36380085349082947,0.00025151020408163265,7.154102325439453,8.0078125,4.1722187995910645,95.82896571658607,98033.03192806755,683.9437383988407
1930,687.2833544369787,2047423668.0,7681658880.0,95.81939850139516,98023.24466692725,0.47478848695755005,0.0002506938775510204,7.154102325439453,8.0078125,4.042157173156738,95.81939850139516,98023.24466692725,687.2833544369787
1940,690.6222614489961,2047423668.0,7681658880.0,95.83974601516341,98044.06017351217,0.3633684515953064,0.0002498775510204082,7.154102325439453,8.0078125,4.174068450927734,95.83974601516341,98044.06017351217,690.6222614489961
1950,693.9606638078112,2047423668.0,7681658880.0,95.85423373400089,98058.8811098829,0.37359142303466797,0.00024906122448979597,7.154102325439453,8.0078125,4.22637414932251,95.85423373400089,98058.8811098829,693.9606638078112
1960,697.2981804488227,2047423668.0,7681658880.0,95.87967174989767,98084.90420014532,0.36384937167167664,0.0002482448979591837,7.154102325439453,8.0078125,4.199487209320068,95.87967174989767,98084.90420014532,697.2981804488227
1970,700.6381755259354,2047423668.0,7681658880.0,95.80852444747582,98012.12050976776,0.37195640802383423,0.00024742857142857146,7.154102325439453,8.0078125,4.16726016998291,95.80852444747582,98012.12050976776,700.6381755259354
1980,703.9773211060092,2047423668.0,7681658880.0,95.83289866413244,98037.0553334075,0.37377387285232544,0.0002466122448979592,7.154102325439453,8.0078125,4.26686429977417,95.83289866413244,98037.0553334075,703.9773211060092
1990,707.3162342638243,2047423668.0,7681658880.0,95.83956960695515,98043.87970791511,0.36431828141212463,0.00024579591836734695,7.154102325439453,8.0078125,4.250148773193359,95.83956960695515,98043.87970791511,707.3162342638243
2000,710.6561266540084,2047423668.0,7681658880.0,95.81147013612636,98015.13394925726,0.3483010530471802,0.0002449795918367347,7.154102325439453,8.0078125,4.156957149505615,95.81147013612636,98015.13394925726,710.6561266540084
2000.0,,,,,,,,,,,,,
2010,716.3577406029217,2047423668.0,7681658880.0,56.12445929647534,57415.321860294265,0.35318461060523987,0.00024416326530612244,7.154102325439453,8.0078125,4.130146503448486,56.12445929647534,57415.321860294265,716.3577406029217
2020,719.69733408303,2047423668.0,7681658880.0,95.82004573491446,98023.90678681749,0.39906951785087585,0.0002433469387755102,7.154102325439453,8.0078125,3.959064483642578,95.82004573491446,98023.90678681749,719.69733408303
2030,723.0368835530244,2047423668.0,7681658880.0,95.82130849540565,98025.19859079998,0.3786349296569824,0.000242530612244898,7.154102325439453,8.0078125,4.022367477416992,95.82130849540565,98025.19859079998,723.0368835530244
2040,726.3778040388133,2047423668.0,7681658880.0,95.78198624036759,97984.97192389604,0.36810538172721863,0.00024171428571428575,7.154102325439453,8.0078125,4.219636917114258,95.78198624036759,97984.97192389604,726.3778040388133
2050,729.717567063868,2047423668.0,7681658880.0,95.81518137645654,98018.93054811504,0.3537912964820862,0.0002408979591836735,7.154102325439453,8.0078125,4.092860221862793,95.81518137645654,98018.93054811504,729.717567063868
2060,733.056029047817,2047423668.0,7681658880.0,95.85252177156248,98057.12977230841,0.4033763110637665,0.00024008163265306124,7.154102325439453,8.0078125,4.023560047149658,95.85252177156248,98057.12977230841,733.056029047817
2070,736.3965220230166,2047423668.0,7681658880.0,95.79424425548446,97997.5118733606,0.34971919655799866,0.00023926530612244898,7.154102325439453,8.0078125,4.138298511505127,95.79424425548446,97997.5118733606,736.3965220230166
2080,739.7361308699474,2047423668.0,7681658880.0,95.81960483009583,98023.45574118804,0.36985379457473755,0.00023844897959183676,7.154102325439453,8.0078125,4.197619438171387,95.81960483009583,98023.45574118804,739.7361308699474
2090,743.0726625998504,2047423668.0,7681658880.0,95.9079744790247,98113.85789204227,0.3615160584449768,0.0002376326530612245,7.154102325439453,8.0078125,4.094442367553711,95.9079744790247,98113.85789204227,743.0726625998504
2100,746.4121561178472,2047423668.0,7681658880.0,95.822913946531,98026.8409673012,0.35172754526138306,0.00023681632653061225,7.154102325439453,8.0078125,4.182997703552246,95.822913946531,98026.8409673012,746.4121561178472
2110,749.7515879080165,2047423668.0,7681658880.0,95.82468518806732,98028.65294739287,0.36514586210250854,0.000236,7.154102325439453,8.0078125,4.146905899047852,95.82468518806732,98028.65294739287,749.7515879080165
2120,753.0909036868252,2047423668.0,7681658880.0,95.82801423894178,98032.05856643744,0.36175161600112915,0.0002351836734693878,7.154102325439453,8.0078125,4.113307952880859,95.82801423894178,98032.05856643744,753.0909036868252
2130,756.4277422428131,2047423668.0,7681658880.0,95.89915563213663,98104.83621167576,0.41292402148246765,0.00023436734693877553,7.154102325439453,8.0078125,4.12322473526001,95.89915563213663,98104.83621167576,756.4277422428131
2140,759.7645357809961,2047423668.0,7681658880.0,95.90044943992957,98106.15977704796,0.41213536262512207,0.00023355102040816328,7.154102325439453,8.0078125,4.116589546203613,95.90044943992957,98106.15977704796,759.7645357809961
2150,763.1018804749474,2047423668.0,7681658880.0,95.88461167345896,98089.95774194853,0.41751259565353394,0.00023273469387755102,7.154102325439453,8.0078125,4.024914264678955,95.88461167345896,98089.95774194853,763.1018804749474
2160,766.4372133309953,2047423668.0,7681658880.0,95.94244826861878,98149.124578797,0.38207074999809265,0.00023191836734693877,7.154102325439453,8.0078125,3.992703914642334,95.94244826861878,98149.124578797,766.4372133309953
2170,769.7726747498382,2047423668.0,7681658880.0,95.93875024074211,98145.34149627919,0.36494821310043335,0.00023110204081632657,7.154102325439453,8.0078125,4.125016212463379,95.93875024074211,98145.34149627919,769.7726747498382
2180,773.1068491518963,2047423668.0,7681658880.0,95.97578333109087,98183.22634770596,0.4367832839488983,0.0002302857142857143,7.154102325439453,8.0078125,4.098405361175537,95.97578333109087,98183.22634770596,773.1068491518963
2190,776.4402322238311,2047423668.0,7681658880.0,95.99856754965207,98206.53460329406,0.3494075834751129,0.00022946938775510206,7.154102325439453,8.0078125,4.091454029083252,95.99856754965207,98206.53460329406,776.4402322238311
2200,779.7733998259064,2047423668.0,7681658880.0,96.00477329755779,98212.88308340161,0.3826351463794708,0.0002286530612244898,7.154102325439453,8.0078125,4.2572126388549805,96.00477329755779,98212.88308340161,779.7733998259064
2210,783.1061733940151,2047423668.0,7681658880.0,96.01612394615738,98224.494796919,0.3585469722747803,0.00022783673469387755,7.154102325439453,8.0078125,4.048557758331299,96.01612394615738,98224.494796919,783.1061733940151
2220,786.4370475299656,2047423668.0,7681658880.0,96.0708771749122,98280.50734993519,0.3800853490829468,0.00022702040816326532,7.154102325439453,8.0078125,4.071517467498779,96.0708771749122,98280.50734993519,786.4370475299656
2230,789.7671468078624,2047423668.0,7681658880.0,96.0932312510823,98303.37556985719,0.43801188468933105,0.0002262040816326531,7.154102325439453,8.0078125,4.05937385559082,96.0932312510823,98303.37556985719,789.7671468078624
2240,793.0960327349603,2047423668.0,7681658880.0,96.12825642210471,98339.20631981312,0.37171006202697754,0.00022538775510204083,7.154102325439453,8.0078125,4.122922897338867,96.12825642210471,98339.20631981312,793.0960327349603
2250,796.4240565458313,2047423668.0,7681658880.0,96.15315820599729,98364.68084473522,0.3554047644138336,0.00022457142857142858,7.154102325439453,8.0078125,4.125838756561279,96.15315820599729,98364.68084473522,796.4240565458313
2260,799.751693675993,2047423668.0,7681658880.0,96.16433147097553,98376.11109480796,0.37487393617630005,0.00022375510204081635,7.154102325439453,8.0078125,4.081906795501709,96.16433147097553,98376.11109480796,799.751693675993
2270,803.0776734398678,2047423668.0,7681658880.0,96.21225104123853,98425.13281518703,0.3692586421966553,0.0002229387755102041,7.154102325439453,8.0078125,4.090973854064941,96.21225104123853,98425.13281518703,803.0776734398678
2280,806.4020369888749,2047423668.0,7681658880.0,96.2590268129896,98472.98442968837,0.3671606481075287,0.00022212244897959184,7.154102325439453,8.0078125,4.05137300491333,96.2590268129896,98472.98442968837,806.4020369888749
2290,809.7272466968279,2047423668.0,7681658880.0,96.23453198595064,98447.9262216275,0.3582732677459717,0.00022130612244897958,7.154102325439453,8.0078125,4.143998622894287,96.23453198595064,98447.9262216275,809.7272466968279
2300,813.0492882688995,2047423668.0,7681658880.0,96.32630810229423,98541.81318864701,0.3597678542137146,0.00022048979591836733,7.154102325439453,8.0078125,3.901432991027832,96.32630810229423,98541.81318864701,813.0492882688995
2310,816.3723845449276,2047423668.0,7681658880.0,96.29573548873486,98510.53740497575,0.36876174807548523,0.00021967346938775513,7.154102325439453,8.0078125,4.0859222412109375,96.29573548873486,98510.53740497575,816.3723845449276
2320,819.6940973598976,2047423668.0,7681658880.0,96.33584172534664,98551.56608502963,0.3659394383430481,0.00021885714285714287,7.154102325439453,8.0078125,4.242703914642334,96.33584172534664,98551.56608502963,819.6940973598976
2330,823.0143428458832,2047423668.0,7681658880.0,96.37841579807298,98595.11936142865,0.3640536963939667,0.00021804081632653062,7.154102325439453,8.0078125,4.135628700256348,96.37841579807298,98595.11936142865,823.0143428458832
2340,826.3361427658238,2047423668.0,7681658880.0,96.33331558564456,98548.98184411437,0.4094141125679016,0.00021722448979591836,7.154102325439453,8.0078125,3.976314067840576,96.33331558564456,98548.98184411437,826.3361427658238
2350,829.6565079239663,2047423668.0,7681658880.0,96.37494214010314,98591.56580932552,0.36019647121429443,0.00021640816326530616,7.154102325439453,8.0078125,4.0566182136535645,96.37494214010314,98591.56580932552,829.6565079239663
2360,832.9764096590225,2047423668.0,7681658880.0,96.38839506030855,98605.32814669564,0.3494536876678467,0.0002155918367346939,7.154102325439453,8.0078125,4.064908981323242,96.38839506030855,98605.32814669564,832.9764096590225
2370,836.2968043128494,2047423668.0,7681658880.0,96.37408602353368,98590.69000207496,0.36331382393836975,0.00021477551020408165,7.154102325439453,8.0078125,4.112856388092041,96.37408602353368,98590.69000207496,836.2968043128494
2380,839.6176803859416,2047423668.0,7681658880.0,96.36011490848351,98576.39755137863,0.3777107894420624,0.0002139591836734694,7.154102325439453,8.0078125,4.080420970916748,96.36011490848351,98576.39755137863,839.6176803859416
2390,842.9356177728623,2047423668.0,7681658880.0,96.44546074360579,98663.70634070873,0.3661567270755768,0.00021314285714285714,7.154102325439453,8.0078125,4.0938849449157715,96.44546074360579,98663.70634070873,842.9356177728623
2400,846.2543330728076,2047423668.0,7681658880.0,96.42285374863941,98640.57938485811,0.36980050802230835,0.0002123265306122449,7.154102325439453,8.0078125,4.204498767852783,96.42285374863941,98640.57938485811,846.2543330728076
2410,849.573238180019,2047423668.0,7681658880.0,96.41733935227722,98634.9381573796,0.3596077263355255,0.00021151020408163266,7.154102325439453,8.0078125,4.116143226623535,96.41733935227722,98634.9381573796,849.573238180019
2420,852.8914387829136,2047423668.0,7681658880.0,96.43781021582794,98655.87985079199,0.37337180972099304,0.0002106938775510204,7.154102325439453,8.0078125,4.00209379196167,96.43781021582794,98655.87985079199,852.8914387829136
2430,856.2103645608295,2047423668.0,7681658880.0,96.41673885245649,98634.323846063,0.3546643555164337,0.00020987755102040817,7.154102325439453,8.0078125,4.020121097564697,96.41673885245649,98634.323846063,856.2103645608295
2440,859.5280672579538,2047423668.0,7681658880.0,96.45228316490345,98670.68567769624,0.3729088008403778,0.00020906122448979594,7.154102325439453,8.0078125,4.0394110679626465,96.45228316490345,98670.68567769624,859.5280672579538
2450,862.8461993769743,2047423668.0,7681658880.0,96.4398006232699,98657.91603760511,0.3466651737689972,0.0002082448979591837,7.154102325439453,8.0078125,4.131534576416016,96.4398006232699,98657.91603760511,862.8461993769743
2460,866.1634833619464,2047423668.0,7681658880.0,96.46445750489016,98683.14002750264,0.9730752110481262,0.00020742857142857143,7.154102325439453,8.0078125,4.068996906280518,96.46445750489016,98683.14002750264,866.1634833619464
2470,869.4805118308868,2047423668.0,7681658880.0,96.47188831702157,98690.74174831307,0.3841048777103424,0.00020661224489795918,7.154102325439453,8.0078125,3.894749402999878,96.47188831702157,98690.74174831307,869.4805118308868
2480,872.7979748719372,2047423668.0,7681658880.0,96.45925095180054,98677.81372369194,0.3847956657409668,0.00020579591836734692,7.154102325439453,8.0078125,3.986506223678589,96.45925095180054,98677.81372369194,872.7979748719372
2490,876.1148738148622,2047423668.0,7681658880.0,96.47565557659264,98694.59565485427,0.4195289611816406,0.00020497959183673472,7.154102325439453,8.0078125,3.948655128479004,96.47565557659264,98694.59565485427,876.1148738148622
2500,879.4314206310082,2047423668.0,7681658880.0,96.4858986588516,98705.07432800518,0.36241522431373596,0.00020416326530612247,7.154102325439453,8.0078125,4.092453479766846,96.4858986588516,98705.07432800518,879.4314206310082
2500.0,,,,,,,,,,,,,
2510,885.1200396849308,2047423668.0,7681658880.0,56.25266817248795,57546.47954045518,0.3963719606399536,0.0002033469387755102,7.154102325439453,8.0078125,4.022181987762451,56.25266817248795,57546.47954045518,885.1200396849308
2520,888.436540458817,2047423668.0,7681658880.0,96.48723815162253,98706.44462910984,0.3638860583305359,0.00020253061224489796,7.154102325439453,8.0078125,3.9274404048919678,96.48723815162253,98706.44462910984,888.436540458817
2530,891.7537911848631,2047423668.0,7681658880.0,96.46542466249464,98684.12942973203,0.35528191924095154,0.00020171428571428575,7.154102325439453,8.0078125,4.168848037719727,96.46542466249464,98684.12942973203,891.7537911848631
2540,895.0697895039339,2047423668.0,7681658880.0,96.50185832713898,98721.40106866317,0.366028368473053,0.0002008979591836735,7.154102325439453,8.0078125,4.071186065673828,96.50185832713898,98721.40106866317,895.0697895039339
2550,898.3857016938273,2047423668.0,7681658880.0,96.50436491512913,98723.9653081771,0.350228875875473,0.00020008163265306124,7.154102325439453,8.0078125,3.9777040481567383,96.50436491512913,98723.9653081771,898.3857016938273
2560,901.7007297419477,2047423668.0,7681658880.0,96.53010332188116,98750.29569828442,0.3675858676433563,0.000199265306122449,7.154102325439453,8.0078125,3.946749687194824,96.53010332188116,98750.29569828442,901.7007297419477
2570,905.0171449719928,2047423668.0,7681658880.0,96.4897269500384,98708.99066988927,0.3923454284667969,0.00019844897959183676,7.154102325439453,8.0078125,3.892054557800293,96.4897269500384,98708.99066988927,905.0171449719928
2580,908.3338819798082,2047423668.0,7681658880.0,96.48036586740771,98699.41428235808,0.3984344005584717,0.0001976326530612245,7.154102325439453,8.0078125,4.14871072769165,96.48036586740771,98699.41428235808,908.3338819798082
2590,911.6501695630141,2047423668.0,7681658880.0,96.49344092488403,98712.79006615636,0.3670288026332855,0.00019681632653061225,7.154102325439453,8.0078125,4.04396390914917,96.49344092488403,98712.79006615636,911.6501695630141
2600,914.965941544855,2047423668.0,7681658880.0,96.50844562065829,98728.13986993342,0.36955565214157104,0.000196,7.154102325439453,8.0078125,4.067913055419922,96.50844562065829,98728.13986993342,914.965941544855
2610,918.2811549908947,2047423668.0,7681658880.0,96.52470503287388,98744.77324862998,0.3612261116504669,0.00019518367346938777,7.154102325439453,8.0078125,4.088155269622803,96.52470503287388,98744.77324862998,918.2811549908947
2620,921.5948838829063,2047423668.0,7681658880.0,96.56794820222815,98789.0110108794,0.36162635684013367,0.0001943673469387755,7.154102325439453,8.0078125,4.00323486328125,96.56794820222815,98789.0110108794,921.5948838829063
2630,924.9097699939739,2047423668.0,7681658880.0,96.53423655539686,98754.52399617099,0.36426448822021484,0.00019355102040816325,7.154102325439453,8.0078125,4.074717044830322,96.53423655539686,98754.52399617099,924.9097699939739
2640,928.2231778819114,2047423668.0,7681658880.0,96.57730373763026,98798.58172359575,0.37730321288108826,0.00019273469387755103,7.154102325439453,8.0078125,4.109302520751953,96.57730373763026,98798.58172359575,928.2231778819114
2650,931.5380094440188,2047423668.0,7681658880.0,96.53582512547263,98756.14910335849,0.36426371335983276,0.00019191836734693877,7.154102325439453,8.0078125,4.078009128570557,96.53582512547263,98756.14910335849,931.5380094440188
2660,934.8529813049827,2047423668.0,7681658880.0,96.5317394600622,98751.96946764362,0.40425753593444824,0.00019110204081632654,7.154102325439453,8.0078125,3.9965240955352783,96.5317394600622,98751.96946764362,934.8529813049827
2670,938.1690000258386,2047423668.0,7681658880.0,96.50126460003852,98720.79368583941,0.3833445608615875,0.0001902857142857143,7.154102325439453,8.0078125,4.035681247711182,96.50126460003852,98720.79368583941,938.1690000258386
2680,941.486482742941,2047423668.0,7681658880.0,96.4586788501793,98677.22846373342,0.3547237813472748,0.00018946938775510206,7.154102325439453,8.0078125,4.0183868408203125,96.4586788501793,98677.22846373342,941.486482742941
2690,944.8013360619079,2047423668.0,7681658880.0,96.53519151783406,98755.50092274425,0.3705832362174988,0.0001886530612244898,7.154102325439453,8.0078125,3.8989737033843994,96.53519151783406,98755.50092274425,944.8013360619079
2700,948.1185007409658,2047423668.0,7681658880.0,96.46792696794384,98686.68928820654,0.35318246483802795,0.00018783673469387758,7.154102325439453,8.0078125,4.000712871551514,96.46792696794384,98686.68928820654,948.1185007409658
2710,951.432879289845,2047423668.0,7681658880.0,96.54901975762981,98769.6472120553,0.3673838675022125,0.00018702040816326532,7.154102325439453,8.0078125,3.97713565826416,96.54901975762981,98769.6472120553,951.432879289845
2720,954.7494347759057,2047423668.0,7681658880.0,96.48564643195158,98704.81629988647,0.36072999238967896,0.00018620408163265307,7.154102325439453,8.0078125,4.143924236297607,96.48564643195158,98704.81629988647,954.7494347759057
2730,958.0640747458674,2047423668.0,7681658880.0,96.54140506961177,98761.85738621284,0.358779639005661,0.00018538775510204084,7.154102325439453,8.0078125,4.061985969543457,96.54140506961177,98761.85738621284,958.0640747458674
2740,961.3796525388025,2047423668.0,7681658880.0,96.51409798975763,98733.92224352206,0.35778191685676575,0.00018457142857142858,7.154102325439453,8.0078125,3.9787662029266357,96.51409798975763,98733.92224352206,961.3796525388025
2750,964.696887861006,2047423668.0,7681658880.0,96.46587260726461,98684.58767723171,0.35442519187927246,0.00018375510204081635,7.154102325439453,8.0078125,3.9971938133239746,96.46587260726461,98684.58767723171,964.696887861006
2760,968.013683557976,2047423668.0,7681658880.0,96.47865869228035,98697.66784220279,0.3681950569152832,0.0001829387755102041,7.154102325439453,8.0078125,4.022133827209473,96.47865869228035,98697.66784220279,968.013683557976
2770,971.329977929825,2047423668.0,7681658880.0,96.49324339732577,98712.58799546427,0.37227514386177063,0.00018212244897959184,7.154102325439453,8.0078125,4.044986724853516,96.49324339732577,98712.58799546427,971.329977929825
2780,974.6497147679329,2047423668.0,7681658880.0,96.39318283505351,98610.22604025975,0.3715144097805023,0.0001813061224489796,7.154102325439453,8.0078125,4.044007301330566,96.39318283505351,98610.22604025975,974.6497147679329
2790,977.9684844929725,2047423668.0,7681658880.0,96.42127249313195,98638.96176047399,0.3601544499397278,0.00018048979591836736,7.154102325439453,8.0078125,3.9361732006073,96.42127249313195,98638.96176047399,977.9684844929725
2800,981.283848535968,2047423668.0,7681658880.0,96.52032049876297,98740.28787023452,0.3831041753292084,0.0001796734693877551,7.154102325439453,8.0078125,4.020416736602783,96.52032049876297,98740.28787023452,981.283848535968
2810,984.5995923159644,2047423668.0,7681658880.0,96.50926646700864,98728.97959574984,0.3805970549583435,0.00017885714285714285,7.154102325439453,8.0078125,4.218828201293945,96.50926646700864,98728.97959574984,984.5995923159644
2820,987.9158983749803,2047423668.0,7681658880.0,96.49290334045864,98712.24011728918,0.36251336336135864,0.00017804081632653062,7.154102325439453,8.0078125,3.983487606048584,96.49290334045864,98712.24011728918,987.9158983749803
2830,991.2321806978434,2047423668.0,7681658880.0,96.49359398440104,98712.94664604227,0.37234681844711304,0.00017722448979591836,7.154102325439453,8.0078125,4.146826267242432,96.49359398440104,98712.94664604227,991.2321806978434
2840,994.5481820588466,2047423668.0,7681658880.0,96.50176980120257,98721.31050663024,0.35083314776420593,0.00017640816326530614,7.154102325439453,8.0078125,3.9589462280273438,96.50176980120257,98721.31050663024,994.5481820588466
2850,997.865219316911,2047423668.0,7681658880.0,96.47163269632159,98690.48024833699,0.37372922897338867,0.00017559183673469388,7.154102325439453,8.0078125,4.058035373687744,96.47163269632159,98690.48024833699,997.865219316911
2860,1001.1826904148329,2047423668.0,7681658880.0,96.45901668908175,98677.57407293064,0.36738279461860657,0.00017477551020408165,7.154102325439453,8.0078125,3.9886934757232666,96.45901668908175,98677.57407293064,1001.1826904148329
2870,1004.4996437109075,2047423668.0,7681658880.0,96.47407468133335,98692.97839900402,0.35921788215637207,0.0001739591836734694,7.154102325439453,8.0078125,3.9835524559020996,96.47407468133335,98692.97839900402,1004.4996437109075
2880,1007.8175777830184,2047423668.0,7681658880.0,96.44555709825256,98663.80491151237,0.35986316204071045,0.00017314285714285717,7.154102325439453,8.0078125,4.010130405426025,96.44555709825256,98663.80491151237,1007.8175777830184
2890,1011.1335994550027,2047423668.0,7681658880.0,96.50117871772183,98720.70582822943,0.3849460780620575,0.00017232653061224491,7.154102325439453,8.0078125,3.8813533782958984,96.50117871772183,98720.70582822943,1011.1335994550027
2900,1014.4489922148641,2047423668.0,7681658880.0,96.51948447078567,98739.43261361374,0.38368988037109375,0.00017151020408163266,7.154102325439453,8.0078125,3.951646327972412,96.51948447078567,98739.43261361374,1014.4489922148641
2910,1017.7641905779019,2047423668.0,7681658880.0,96.52514418678038,98745.22250307634,0.36812007427215576,0.00017069387755102043,7.154102325439453,8.0078125,3.9838757514953613,96.52514418678038,98745.22250307634,1017.7641905779019
2920,1021.0798608728219,2047423668.0,7681658880.0,96.5114053982628,98731.16772242283,0.36408475041389465,0.00016987755102040818,7.154102325439453,8.0078125,3.978543758392334,96.5114053982628,98731.16772242283,1021.0798608728219
2930,1024.3968567408156,2047423668.0,7681658880.0,96.47283648669575,98691.71172588976,0.3525477945804596,0.00016906122448979592,7.154102325439453,8.0078125,3.8701272010803223,96.47283648669575,98691.71172588976,1024.3968567408156
2940,1027.7148583689705,2047423668.0,7681658880.0,96.44359342220973,98661.79607092055,0.35810747742652893,0.0001682448979591837,7.154102325439453,8.0078125,4.036319732666016,96.44359342220973,98661.79607092055,1027.7148583689705
2950,1031.033602482872,2047423668.0,7681658880.0,96.42201658741233,98639.72296892281,0.3745664954185486,0.00016742857142857144,7.154102325439453,8.0078125,3.9823975563049316,96.42201658741233,98639.72296892281,1031.033602482872
2960,1034.3500010860153,2047423668.0,7681658880.0,96.49021070528579,98709.48555150737,0.3600425720214844,0.00016661224489795918,7.154102325439453,8.0078125,3.834984302520752,96.49021070528579,98709.48555150737,1034.3500010860153
2970,1037.6686646428425,2047423668.0,7681658880.0,96.42435713065535,98642.11734466044,0.3635912835597992,0.00016579591836734693,7.154102325439453,8.0078125,4.029841899871826,96.42435713065535,98642.11734466044,1037.6686646428425
2980,1040.9867956428789,2047423668.0,7681658880.0,96.4398331459765,98657.94930833395,0.37464919686317444,0.0001649795918367347,7.154102325439453,8.0078125,4.041014671325684,96.4398331459765,98657.94930833395,1040.9867956428789
2990,1044.3021641869564,2047423668.0,7681658880.0,96.52018945876794,98740.15381631961,0.3759814500808716,0.00016416326530612244,7.154102325439453,8.0078125,4.150252342224121,96.52018945876794,98740.15381631961,1044.3021641869564
3000,1047.6181096048094,2047423668.0,7681658880.0,96.50339787775694,98722.97602894534,0.36436623334884644,0.00016334693877551021,7.154102325439453,8.0078125,3.971393346786499,96.50339787775694,98722.97602894534,1047.6181096048094
3000.0,,,,,,,,,,,,,
3010,1053.2783116200007,2047423668.0,7681658880.0,56.53508463852662,57835.391585212725,0.36907655000686646,0.00016253061224489796,7.154102325439453,8.0078125,4.010095119476318,56.53508463852662,57835.391585212725,1053.2783116200007
3020,1056.5948588589672,2047423668.0,7681658880.0,96.48588635804354,98705.06174427854,0.3639868497848511,0.00016171428571428573,7.154102325439453,8.0078125,3.9241108894348145,96.48588635804354,98705.06174427854,1056.5948588589672
3030,1059.9103798349388,2047423668.0,7681658880.0,96.51575191926688,98735.61421341001,0.3586549162864685,0.00016089795918367347,7.154102325439453,8.0078125,3.9781644344329834,96.51575191926688,98735.61421341001,1059.9103798349388
3040,1063.22719856794,2047423668.0,7681658880.0,96.47798862690854,98696.98236532744,0.4490286111831665,0.00016008163265306125,7.154102325439453,8.0078125,3.899564027786255,96.47798862690854,98696.98236532744,1063.22719856794
3050,1066.5433990128804,2047423668.0,7681658880.0,96.49597643840364,98715.38389648692,0.37128159403800964,0.000159265306122449,7.154102325439453,8.0078125,3.893547534942627,96.49597643840364,98715.38389648692,1066.5433990128804
3060,1069.8604947698768,2047423668.0,7681658880.0,96.46993136241412,98688.73978374964,0.36571189761161804,0.00015844897959183674,7.154102325439453,8.0078125,3.941197633743286,96.46993136241412,98688.73978374964,1069.8604947698768
3070,1073.177555458853,2047423668.0,7681658880.0,96.470951244117,98689.7831227317,0.3593454360961914,0.0001576326530612245,7.154102325439453,8.0078125,3.9050278663635254,96.470951244117,98689.7831227317,1073.177555458853
3080,1076.4958134749904,2047423668.0,7681658880.0,96.43614162725467,98654.17288468152,0.3650955557823181,0.00015681632653061225,7.154102325439453,8.0078125,4.022019863128662,96.43614162725467,98654.17288468152,1076.4958134749904
3090,1079.8131621088833,2047423668.0,7681658880.0,96.4625775930241,98681.21687766365,0.3798409104347229,0.00015600000000000002,7.154102325439453,8.0078125,4.163202285766602,96.4625775930241,98681.21687766365,1079.8131621088833
3100,1083.1305459178984,2047423668.0,7681658880.0,96.46155477409161,98680.17053389571,0.37038516998291016,0.00015518367346938777,7.154102325439453,8.0078125,3.941563129425049,96.46155477409161,98680.17053389571,1083.1305459178984
3110,1086.4478061068803,2047423668.0,7681658880.0,96.4651494817511,98683.84791983137,0.3849039077758789,0.00015436734693877551,7.154102325439453,8.0078125,3.9251091480255127,96.4651494817511,98683.84791983137,1086.4478061068803
3120,1089.7661826519761,2047423668.0,7681658880.0,96.43269702858878,98650.64906024632,0.38100844621658325,0.00015355102040816326,7.154102325439453,8.0078125,3.998539924621582,96.43269702858878,98650.64906024632,1089.7661826519761
3130,1093.0848055838142,2047423668.0,7681658880.0,96.42553751135759,98643.32487411881,0.36509910225868225,0.00015273469387755103,7.154102325439453,8.0078125,4.019903182983398,96.42553751135759,98643.32487411881,1093.0848055838142
3140,1096.4026988509577,2047423668.0,7681658880.0,96.44674322977798,98665.01832406287,0.3629778325557709,0.00015191836734693877,7.154102325439453,8.0078125,4.048152446746826,96.44674322977798,98665.01832406287,1096.4026988509577
3150,1099.72158743185,2047423668.0,7681658880.0,96.41781945990265,98635.4293074804,0.37439215183258057,0.00015110204081632652,7.154102325439453,8.0078125,3.9892516136169434,96.41781945990265,98635.4293074804,1099.72158743185
3160,1103.040564388968,2047423668.0,7681658880.0,96.41525208956419,98632.80288762416,0.35918644070625305,0.0001502857142857143,7.154102325439453,8.0078125,4.059663772583008,96.41525208956419,98632.80288762416,1103.040564388968
3170,1106.3603812109213,2047423668.0,7681658880.0,96.39086044865617,98607.85023897525,0.3818466365337372,0.00014946938775510204,7.154102325439453,8.0078125,3.9163224697113037,96.39086044865617,98607.85023897525,1106.3603812109213
3180,1109.678581946995,2047423668.0,7681658880.0,96.43780634520512,98655.87589114484,0.3701730966567993,0.0001486530612244898,7.154102325439453,8.0078125,3.8891680240631104,96.43780634520512,98655.87589114484,1109.678581946995
3190,1112.9964439028408,2047423668.0,7681658880.0,96.44765341613842,98665.94944470961,0.3563607633113861,0.00014783673469387755,7.154102325439453,8.0078125,3.888580083847046,96.44765341613842,98665.94944470961,1112.9964439028408
3200,1116.3155637898017,2047423668.0,7681658880.0,96.41110020072499,98628.55550534166,0.36222901940345764,0.00014702040816326532,7.154102325439453,8.0078125,3.9562888145446777,96.41110020072499,98628.55550534166,1116.3155637898017
3210,1119.6342800569255,2047423668.0,7681658880.0,96.42282564798151,98640.5506378851,0.3626510798931122,0.00014620408163265307,7.154102325439453,8.0078125,3.9883484840393066,96.42282564798151,98640.5506378851,1119.6342800569255
3220,1122.9525803048164,2047423668.0,7681658880.0,96.43491429185569,98652.91732056838,0.38221943378448486,0.0001453877551020408,7.154102325439453,8.0078125,4.019732475280762,96.43491429185569,98652.91732056838,1122.9525803048164
3230,1126.2704655949492,2047423668.0,7681658880.0,96.44697511142358,98665.25553898633,0.36301809549331665,0.00014457142857142859,7.154102325439453,8.0078125,3.9364559650421143,96.44697511142358,98665.25553898633,1126.2704655949492
3240,1129.58860426303,2047423668.0,7681658880.0,96.43961027858057,98657.72131498792,0.3655562996864319,0.00014375510204081633,7.154102325439453,8.0078125,3.7959609031677246,96.43961027858057,98657.72131498792,1129.58860426303
3250,1132.9057196448557,2047423668.0,7681658880.0,96.46936062377017,98688.15591811689,0.36554402112960815,0.0001429387755102041,7.154102325439453,8.0078125,3.8495614528656006,96.46936062377017,98688.15591811689,1132.9057196448557
3260,1136.222601851914,2047423668.0,7681658880.0,96.47614236014643,98695.0936344298,0.374748557806015,0.00014212244897959185,7.154102325439453,8.0078125,3.8663268089294434,96.47614236014643,98695.0936344298,1136.222601851914
3270,1139.5389421188738,2047423668.0,7681658880.0,96.49190801924566,98711.22190368832,0.3623960018157959,0.00014130612244897962,7.154102325439453,8.0078125,3.956869125366211,96.49190801924566,98711.22190368832,1139.5389421188738
3280,1142.854956398951,2047423668.0,7681658880.0,96.50139383373302,98720.92589190888,0.3870697319507599,0.00014048979591836736,7.154102325439453,8.0078125,3.9823880195617676,96.50139383373302,98720.92589190888,1142.854956398951
3290,1146.1702902480029,2047423668.0,7681658880.0,96.52119954420435,98741.18713372105,0.3956981897354126,0.0001396734693877551,7.154102325439453,8.0078125,3.8487133979797363,96.52119954420435,98741.18713372105,1146.1702902480029
3300,1149.4861035919748,2047423668.0,7681658880.0,96.50724175465086,98726.90831500784,0.3672371804714203,0.00013885714285714285,7.154102325439453,8.0078125,3.9075615406036377,96.50724175465086,98726.90831500784,1149.4861035919748
3310,1152.80249993084,2047423668.0,7681658880.0,96.49027658422182,98709.55294565891,0.3728487491607666,0.0001380408163265306,7.154102325439453,8.0078125,3.98376727104187,96.49027658422182,98709.55294565891,1152.80249993084
3320,1156.1193125729915,2047423668.0,7681658880.0,96.4781657948663,98697.16360814823,0.3704109191894531,0.00013722448979591837,7.154102325439453,8.0078125,4.042056083679199,96.4781657948663,98697.16360814823,1156.1193125729915
3330,1159.4347974178381,2047423668.0,7681658880.0,96.51680371797953,98736.69020349305,0.3780379891395569,0.0001364081632653061,7.154102325439453,8.0078125,4.077301025390625,96.51680371797953,98736.69020349305,1159.4347974178381
3340,1162.7512589739636,2047423668.0,7681658880.0,96.48837913075367,98707.61185076101,0.35651499032974243,0.00013559183673469388,7.154102325439453,8.0078125,3.9311306476593018,96.48837913075367,98707.61185076101,1162.7512589739636
3350,1166.0681240349077,2047423668.0,7681658880.0,96.47664108135753,98695.60382622876,0.3837321102619171,0.00013477551020408163,7.154102325439453,8.0078125,3.75459361076355,96.47664108135753,98695.60382622876,1166.0681240349077
3360,1169.3852675578091,2047423668.0,7681658880.0,96.46854222337065,98687.31869450817,0.36979445815086365,0.0001339591836734694,7.154102325439453,8.0078125,3.8730883598327637,96.46854222337065,98687.31869450817,1169.3852675578091
3370,1172.699985460844,2047423668.0,7681658880.0,96.53913526307224,98759.53537412289,0.4459589123725891,0.00013314285714285715,7.154102325439453,8.0078125,3.8636698722839355,96.53913526307224,98759.53537412289,1172.699985460844
3380,1176.017452338012,2047423668.0,7681658880.0,96.45913941216739,98677.69961864724,0.3791554272174835,0.00013232653061224492,7.154102325439453,8.0078125,3.845440626144409,96.45913941216739,98677.69961864724,1176.017452338012
3390,1179.3348517548293,2047423668.0,7681658880.0,96.46110093881964,98679.70626041248,0.37355154752731323,0.00013151020408163266,7.154102325439453,8.0078125,3.8266234397888184,96.46110093881964,98679.70626041248,1179.3348517548293
3400,1182.6514345908072,2047423668.0,7681658880.0,96.48485077130532,98704.00233904534,0.36942797899246216,0.0001306938775510204,7.154102325439453,8.0078125,3.852989912033081,96.48485077130532,98704.00233904534,1182.6514345908072
3410,1185.9706143799704,2047423668.0,7681658880.0,96.40936024157885,98626.77552713516,0.369101881980896,0.00012987755102040818,7.154102325439453,8.0078125,3.8796088695526123,96.40936024157885,98626.77552713516,1185.9706143799704
3420,1189.2897664809134,2047423668.0,7681658880.0,96.41016448420137,98627.598267338,0.3872750997543335,0.00012906122448979592,7.154102325439453,8.0078125,3.84085750579834,96.41016448420137,98627.598267338,1189.2897664809134
3430,1192.6114696729928,2047423668.0,7681658880.0,96.33612080785424,98551.8515864349,0.3752582371234894,0.0001282448979591837,7.154102325439453,8.0078125,3.9772536754608154,96.33612080785424,98551.8515864349,1192.6114696729928
3440,1195.9305790858343,2047423668.0,7681658880.0,96.41140444540125,98628.86674764547,0.37619972229003906,0.00012742857142857144,7.154102325439453,8.0078125,3.9411094188690186,96.41140444540125,98628.86674764547,1195.9305790858343
3450,1199.2496250998229,2047423668.0,7681658880.0,96.41324605061757,98630.75070978177,0.3668617308139801,0.00012661224489795918,7.154102325439453,8.0078125,3.8567538261413574,96.41324605061757,98630.75070978177,1199.2496250998229
3460,1202.5700813729782,2047423668.0,7681658880.0,96.37229756256292,98588.86040650186,0.36263778805732727,0.00012579591836734696,7.154102325439453,8.0078125,3.827322244644165,96.37229756256292,98588.86040650186,1202.5700813729782
3470,1205.8899758199695,2047423668.0,7681658880.0,96.3886066588642,98605.54461201807,0.3732910454273224,0.0001249795918367347,7.154102325439453,8.0078125,3.771153688430786,96.3886066588642,98605.54461201807,1205.8899758199695
3480,1209.2075435440056,2047423668.0,7681658880.0,96.4562072634037,98674.70003046199,0.3638492524623871,0.00012416326530612245,7.154102325439453,8.0078125,3.9269745349884033,96.4562072634037,98674.70003046199,1209.2075435440056
3490,1212.5262893729378,2047423668.0,7681658880.0,96.42196675934176,98639.67199480662,0.36801576614379883,0.0001233469387755102,7.154102325439453,8.0078125,3.8994927406311035,96.42196675934176,98639.67199480662,1212.5262893729378
3500,1215.8467056059744,2047423668.0,7681658880.0,96.37345969343906,98590.04926638816,0.37306714057922363,0.00012253061224489796,7.154102325439453,8.0078125,3.8960671424865723,96.37345969343906,98590.04926638816,1215.8467056059744
3500.0,,,,,,,,,,,,,
3510,1221.52064516698,2047423668.0,7681658880.0,56.3982038510261,57695.3625395997,0.37527546286582947,0.00012171428571428572,7.154102325439453,8.0078125,3.905351400375366,56.3982038510261,57695.3625395997,1221.52064516698
3520,1224.839192227926,2047423668.0,7681658880.0,96.42774205792914,98645.5801252615,0.3645777404308319,0.00012089795918367348,7.154102325439453,8.0078125,3.828855037689209,96.42774205792914,98645.5801252615,1224.839192227926
3530,1228.1570471148007,2047423668.0,7681658880.0,96.44785890604226,98666.15966088123,0.36529356241226196,0.00012008163265306122,7.154102325439453,8.0078125,3.8670973777770996,96.44785890604226,98666.15966088123,1228.1570471148007
3540,1231.4756218248513,2047423668.0,7681658880.0,96.42693865859087,98644.75824773847,0.4831719398498535,0.000119265306122449,7.154102325439453,8.0078125,3.7953779697418213,96.42693865859087,98644.75824773847,1231.4756218248513
3550,1234.792429578025,2047423668.0,7681658880.0,96.47830800377656,98697.30908786342,0.3712109923362732,0.00011844897959183674,7.154102325439453,8.0078125,3.9719603061676025,96.47830800377656,98697.30908786342,1234.792429578025
3560,1238.1085119068157,2047423668.0,7681658880.0,96.49941354643242,98718.90005800038,0.3710959255695343,0.00011763265306122448,7.154102325439453,8.0078125,3.8233182430267334,96.49941354643242,98718.90005800038,1238.1085119068157
3570,1241.4249901059084,2047423668.0,7681658880.0,96.48789492647539,98707.11650978432,0.3697056174278259,0.00011681632653061226,7.154102325439453,8.0078125,3.916370153427124,96.48789492647539,98707.11650978432,1241.4249901059084
3580,1244.7402567148674,2047423668.0,7681658880.0,96.5231571829677,98743.18979817594,0.3667830228805542,0.000116,7.154102325439453,8.0078125,3.8736205101013184,96.5231571829677,98743.18979817594,1244.7402567148674
3590,1248.0549471518025,2047423668.0,7681658880.0,96.53993520308637,98760.35371275737,0.37449243664741516,0.00011518367346938776,7.154102325439453,8.0078125,3.8419761657714844,96.53993520308637,98760.35371275737,1248.0549471518025
3600,1251.3692003099713,2047423668.0,7681658880.0,96.55267257157892,98773.38404072523,0.37280914187431335,0.0001143673469387755,7.154102325439453,8.0078125,3.9493155479431152,96.55267257157892,98773.38404072523,1251.3692003099713
3610,1254.6858144018333,2047423668.0,7681658880.0,96.4839414947874,98703.07214916752,0.37414878606796265,0.00011355102040816328,7.154102325439453,8.0078125,3.8244571685791016,96.4839414947874,98703.07214916752,1254.6858144018333
3620,1258.0024850198533,2047423668.0,7681658880.0,96.48229711488057,98701.38994852282,0.378641277551651,0.00011273469387755102,7.154102325439453,8.0078125,3.8776698112487793,96.48229711488057,98701.38994852282,1258.0024850198533
3630,1261.3192002768628,2047423668.0,7681658880.0,96.48099857945817,98700.06154678571,0.3749070167541504,0.00011191836734693879,7.154102325439453,8.0078125,3.8955764770507812,96.48099857945817,98700.06154678571,1261.3192002768628
3640,1264.6366084958427,2047423668.0,7681658880.0,96.46084499615966,98679.44443107133,0.3604295253753662,0.00011110204081632654,7.154102325439453,8.0078125,3.8862650394439697,96.46084499615966,98679.44443107133,1264.6366084958427
3650,1267.9536573279183,2047423668.0,7681658880.0,96.47129608271621,98690.13589261868,0.3680700361728668,0.00011028571428571428,7.154102325439453,8.0078125,3.874640703201294,96.47129608271621,98690.13589261868,1267.9536573279183
3660,1271.2711588838138,2047423668.0,7681658880.0,96.45813109909099,98676.66811437008,0.3830582797527313,0.00010946938775510205,7.154102325439453,8.0078125,3.9042835235595703,96.45813109909099,98676.66811437008,1271.2711588838138
3670,1274.5920102549717,2047423668.0,7681658880.0,96.36083167685473,98577.13080542238,0.36087146401405334,0.0001086530612244898,7.154102325439453,8.0078125,3.914715051651001,96.36083167685473,98577.13080542238,1274.5920102549717
3680,1277.9102293120231,2047423668.0,7681658880.0,96.43727388038953,98655.33117963848,0.3789406716823578,0.00010783673469387756,7.154102325439453,8.0078125,3.8397748470306396,96.43727388038953,98655.33117963848,1277.9102293120231
3690,1281.2281999238767,2047423668.0,7681658880.0,96.44449497436558,98662.718358776,0.38237613439559937,0.0001070204081632653,7.154102325439453,8.0078125,3.8500022888183594,96.44449497436558,98662.718358776,1281.2281999238767
3700,1284.5483527698088,2047423668.0,7681658880.0,96.38110498197753,98597.87039656301,0.3779833912849426,0.00010620408163265307,7.154102325439453,8.0078125,3.9061965942382812,96.38110498197753,98597.87039656301,1284.5483527698088
3710,1287.8667716428172,2047423668.0,7681658880.0,96.43146698653545,98649.39072722578,0.36234986782073975,0.00010538775510204082,7.154102325439453,8.0078125,3.859005928039551,96.43146698653545,98649.39072722578,1287.8667716428172
3720,1291.1841716319323,2047423668.0,7681658880.0,96.46108429793566,98679.68923678818,0.3704911768436432,0.00010457142857142859,7.154102325439453,8.0078125,3.843106508255005,96.46108429793566,98679.68923678818,1291.1841716319323
3730,1294.50205115485,2047423668.0,7681658880.0,96.44714275778985,98665.42704121902,0.36018285155296326,0.00010375510204081633,7.154102325439453,8.0078125,3.898805856704712,96.44714275778985,98665.42704121902,1294.50205115485
3740,1297.8207125850022,2047423668.0,7681658880.0,96.42441892161644,98642.18055681362,0.3649502694606781,0.00010293877551020408,7.154102325439453,8.0078125,3.8679702281951904,96.42441892161644,98642.18055681362,1297.8207125850022
3750,1301.1383869438432,2047423668.0,7681658880.0,96.45310702277185,98671.5284842956,0.3800255358219147,0.00010212244897959185,7.154102325439453,8.0078125,3.9061484336853027,96.45310702277185,98671.5284842956,1301.1383869438432
3760,1304.4577710209414,2047423668.0,7681658880.0,96.40342683084191,98620.70564795127,0.3715781271457672,0.0001013061224489796,7.154102325439453,8.0078125,3.8903024196624756,96.40342683084191,98620.70564795127,1304.4577710209414
3770,1307.7745075759012,2047423668.0,7681658880.0,96.48037904049922,98699.4277584307,0.3902994394302368,0.00010048979591836735,7.154102325439453,8.0078125,3.883857250213623,96.48037904049922,98699.4277584307,1307.7745075759012
3780,1311.0922369610053,2047423668.0,7681658880.0,96.45150729795466,98669.89196580762,0.40875664353370667,9.96734693877551e-05,7.154102325439453,8.0078125,3.846740484237671,96.45150729795466,98669.89196580762,1311.0922369610053
3790,1314.4093132989947,2047423668.0,7681658880.0,96.47049612188356,98689.31753268687,0.3593672811985016,9.885714285714286e-05,7.154102325439453,8.0078125,3.8181991577148438,96.47049612188356,98689.31753268687,1314.4093132989947
3800,1317.7281509768218,2047423668.0,7681658880.0,96.41929827960402,98636.94214003492,0.3767867982387543,9.804081632653061e-05,7.154102325439453,8.0078125,3.8217825889587402,96.41929827960402,98636.94214003492,1317.7281509768218
3810,1321.0482564999256,2047423668.0,7681658880.0,96.38247874147187,98599.27575252573,0.370943158864975,9.722448979591837e-05,7.154102325439453,8.0078125,3.9377453327178955,96.38247874147187,98599.27575252573,1321.0482564999256
3820,1324.3659471448045,2047423668.0,7681658880.0,96.45263354916594,98671.04412079675,0.3662700653076172,9.640816326530613e-05,7.154102325439453,8.0078125,3.8078877925872803,96.45263354916594,98671.04412079675,1324.3659471448045
3830,1327.6831957239192,2047423668.0,7681658880.0,96.4654870951526,98684.1932983411,0.3642951250076294,9.559183673469389e-05,7.154102325439453,8.0078125,3.9412472248077393,96.4654870951526,98684.1932983411,1327.6831957239192
3840,1331.000168691855,2047423668.0,7681658880.0,96.4735025257525,98692.3930838448,0.37340247631073,9.477551020408165e-05,7.154102325439453,8.0078125,3.8013243675231934,96.4735025257525,98692.3930838448,1331.000168691855
3850,1334.3184241438285,2047423668.0,7681658880.0,96.43621614775935,98654.24911915782,0.3685716986656189,9.395918367346939e-05,7.154102325439453,8.0078125,3.8369150161743164,96.43621614775935,98654.24911915782,1334.3184241438285
3860,1337.6369500209112,2047423668.0,7681658880.0,96.42835760597066,98646.20983090799,0.38164299726486206,9.314285714285715e-05,7.154102325439453,8.0078125,3.9642934799194336,96.42835760597066,98646.20983090799,1337.6369500209112
3870,1340.956591020804,2047423668.0,7681658880.0,96.39596571145516,98613.07292281862,0.3645079731941223,9.23265306122449e-05,7.154102325439453,8.0078125,3.91988205909729,96.39596571145516,98613.07292281862,1340.956591020804
3880,1344.2742633100133,2047423668.0,7681658880.0,96.45316719218582,98671.59003760609,0.3600938618183136,9.151020408163265e-05,7.154102325439453,8.0078125,3.9629552364349365,96.45316719218582,98671.59003760609,1344.2742633100133
3890,1347.591918451013,2047423668.0,7681658880.0,96.45366573681159,98672.10004875825,0.4646050035953522,9.069387755102041e-05,7.154102325439453,8.0078125,3.74112868309021,96.45366573681159,98672.10004875825,1347.591918451013
3900,1350.9096766249277,2047423668.0,7681658880.0,96.45067037011673,98669.03578862941,0.36119285225868225,8.987755102040817e-05,7.154102325439453,8.0078125,3.8095502853393555,96.45067037011673,98669.03578862941,1350.9096766249277
3910,1354.2281118968967,2047423668.0,7681658880.0,96.43099044391518,98648.90322412523,0.3646618127822876,8.906122448979593e-05,7.154102325439453,8.0078125,3.891935110092163,96.43099044391518,98648.90322412523,1354.2281118968967
3920,1357.5465805428103,2047423668.0,7681658880.0,96.4300206343847,98647.91110897555,0.3787993788719177,8.824489795918369e-05,7.154102325439453,8.0078125,3.799856662750244,96.4300206343847,98647.91110897555,1357.5465805428103
3930,1360.8652646830305,2047423668.0,7681658880.0,96.42375908023574,98641.50553908116,0.37071335315704346,8.742857142857144e-05,7.154102325439453,8.0078125,3.82072114944458,96.42375908023574,98641.50553908116,1360.8652646830305
3940,1364.1856423448771,2047423668.0,7681658880.0,96.37457921640059,98591.1945383778,0.38448208570480347,8.661224489795919e-05,7.154102325439453,8.0078125,3.78639817237854,96.37457921640059,98591.1945383778,1364.1856423448771
3950,1367.5045139319263,2047423668.0,7681658880.0,96.4183131545953,98635.934357151,0.41000574827194214,8.579591836734693e-05,7.154102325439453,8.0078125,3.828813314437866,96.4183131545953,98635.934357151,1367.5045139319263
3960,1370.8240630489308,2047423668.0,7681658880.0,96.39863388699072,98615.8024663915,0.4510886073112488,8.497959183673469e-05,7.154102325439453,8.0078125,3.8015267848968506,96.39863388699072,98615.8024663915,1370.8240630489308
3970,1374.1440112739801,2047423668.0,7681658880.0,96.3870453116021,98603.94735376893,0.36996349692344666,8.416326530612245e-05,7.154102325439453,8.0078125,3.7597761154174805,96.3870453116021,98603.94735376893,1374.1440112739801
3980,1377.4678609569091,2047423668.0,7681658880.0,96.2739084271748,98488.20832099982,0.3892512321472168,8.334693877551021e-05,7.154102325439453,8.0078125,3.816892623901367,96.2739084271748,98488.20832099982,1377.4678609569091
3990,1380.7859652168117,2047423668.0,7681658880.0,96.44061034097591,98658.74437881836,0.37480461597442627,8.253061224489797e-05,7.154102325439453,8.0078125,3.8335413932800293,96.44061034097591,98658.74437881836,1380.7859652168117
4000,1384.105409945827,2047423668.0,7681658880.0,96.40166537580319,98618.90367944667,0.37952324748039246,8.171428571428572e-05,7.154102325439453,8.0078125,3.8527071475982666,96.40166537580319,98618.90367944667,1384.105409945827
4000.0,,,,,,,,,,,,,
4010,1389.7797266829293,2047423668.0,7681658880.0,56.39445502004382,57691.52748550483,0.3935672342777252,8.089795918367348e-05,7.154102325439453,8.0078125,3.6702449321746826,56.39445502004382,57691.52748550483,1389.7797266829293
4020,1393.0987855459098,2047423668.0,7681658880.0,96.41287280836163,98630.36888295395,0.38116589188575745,8.008163265306124e-05,7.154102325439453,8.0078125,3.6635518074035645,96.41287280836163,98630.36888295395,1393.0987855459098
4030,1396.4178804638796,2047423668.0,7681658880.0,96.41182548516491,98629.2974713237,0.38564300537109375,7.926530612244898e-05,7.154102325439453,8.0078125,3.814748525619507,96.41182548516491,98629.2974713237,1396.4178804638796
4040,1399.7365799909458,2047423668.0,7681658880.0,96.4233120203222,98641.0481967896,0.7161478996276855,7.844897959183673e-05,7.154102325439453,8.0078125,3.7063040733337402,96.4233120203222,98641.0481967896,1399.7365799909458
4050,1403.054957497865,2047423668.0,7681658880.0,96.43266907781366,98650.62046660337,0.3721468448638916,7.763265306122449e-05,7.154102325439453,8.0078125,3.786436080932617,96.43266907781366,98650.62046660337,1403.054957497865
4060,1406.373511942802,2047423668.0,7681658880.0,96.42752750017682,98645.36063268088,0.36314961314201355,7.681632653061225e-05,7.154102325439453,8.0078125,3.9051172733306885,96.42752750017682,98645.36063268088,1406.373511942802
4070,1409.6940666048322,2047423668.0,7681658880.0,96.3694420269991,98585.93919362007,0.3717416524887085,7.6e-05,7.154102325439453,8.0078125,3.8650054931640625,96.3694420269991,98585.93919362007,1409.6940666048322
4080,1413.0156728238799,2047423668.0,7681658880.0,96.33893330430524,98554.72877030427,0.3794127404689789,7.518367346938776e-05,7.154102325439453,8.0078125,3.8468589782714844,96.33893330430524,98554.72877030427,1413.0156728238799
4090,1416.3348891409114,2047423668.0,7681658880.0,96.40829925968335,98625.69014265607,0.3910422623157501,7.436734693877552e-05,7.154102325439453,8.0078125,3.970871686935425,96.40829925968335,98625.69014265607,1416.3348891409114
4100,1419.65383847896,2047423668.0,7681658880.0,96.41605442164929,98633.62367334722,0.3931712508201599,7.355102040816328e-05,7.154102325439453,8.0078125,3.7728519439697266,96.41605442164929,98633.62367334722,1419.65383847896
4110,1422.9757854668424,2047423668.0,7681658880.0,96.32905075466006,98544.61892201724,0.3778685927391052,7.273469387755102e-05,7.154102325439453,8.0078125,3.8062362670898438,96.32905075466006,98544.61892201724,1422.9757854668424
4120,1426.2982676278334,2047423668.0,7681658880.0,96.31353442829253,98528.74572014326,0.3671742379665375,7.191836734693878e-05,7.154102325439453,8.0078125,3.724616050720215,96.31353442829253,98528.74572014326,1426.2982676278334
4130,1429.6190684128087,2047423668.0,7681658880.0,96.36229955371475,98578.63244345019,0.3680141270160675,7.110204081632653e-05,7.154102325439453,8.0078125,3.8367958068847656,96.36229955371475,98578.63244345019,1429.6190684128087
4140,1432.9394113100134,2047423668.0,7681658880.0,96.37558827716269,98592.22680753744,0.37399768829345703,7.028571428571428e-05,7.154102325439453,8.0078125,3.907041549682617,96.37558827716269,98592.22680753744,1432.9394113100134
4150,1436.2572113228962,2047423668.0,7681658880.0,96.44945408326635,98667.79152718147,0.3663104176521301,6.946938775510204e-05,7.154102325439453,8.0078125,3.8039324283599854,96.44945408326635,98667.79152718147,1436.2572113228962
4160,1439.5805805069394,2047423668.0,7681658880.0,96.28782788756662,98502.44792898066,0.3591788113117218,6.86530612244898e-05,7.154102325439453,8.0078125,3.8102834224700928,96.28782788756662,98502.44792898066,1439.5805805069394
4170,1442.9074362358078,2047423668.0,7681658880.0,96.18691824332448,98399.21736292094,0.3642132878303528,6.783673469387756e-05,7.154102325439453,8.0078125,3.90925931930542,96.18691824332448,98399.21736292094,1442.9074362358078
4180,1446.2298890720122,2047423668.0,7681658880.0,96.31438451526029,98529.61535911127,0.37384316325187683,6.702040816326532e-05,7.154102325439453,8.0078125,3.794842004776001,96.31438451526029,98529.61535911127,1446.2298890720122
4190,1449.5499167959206,2047423668.0,7681658880.0,96.38473730071372,98601.58625863014,0.37417373061180115,6.620408163265306e-05,7.154102325439453,8.0078125,3.8346545696258545,96.38473730071372,98601.58625863014,1449.5499167959206
4200,1452.8772177798674,2047423668.0,7681658880.0,96.17404663536723,98386.04970798068,0.3825470805168152,6.538775510204082e-05,7.154102325439453,8.0078125,3.8108956813812256,96.17404663536723,98386.04970798068,1452.8772177798674
4210,1456.201408155961,2047423668.0,7681658880.0,96.26404140428467,98478.11435658322,0.3769736588001251,6.457142857142856e-05,7.154102325439453,8.0078125,3.902585744857788,96.26404140428467,98478.11435658322,1456.201408155961
4220,1459.526042872807,2047423668.0,7681658880.0,96.25117561894785,98464.95265818365,0.3982524871826172,6.375510204081632e-05,7.154102325439453,8.0078125,3.869384527206421,96.25117561894785,98464.95265818365,1459.526042872807
4230,1462.851901931921,2047423668.0,7681658880.0,96.2157428538918,98428.70493953131,0.369363009929657,6.293877551020408e-05,7.154102325439453,8.0078125,3.7784197330474854,96.2157428538918,98428.70493953131,1462.851901931921
4240,1466.1759556969628,2047423668.0,7681658880.0,96.26799763751127,98482.16158317403,0.386001855134964,6.212244897959184e-05,7.154102325439453,8.0078125,3.8376400470733643,96.26799763751127,98482.16158317403,1466.1759556969628
4250,1469.4977890639566,2047423668.0,7681658880.0,96.33234561960971,98547.98956886074,0.3704378306865692,6.13061224489796e-05,7.154102325439453,8.0078125,3.8259191513061523,96.33234561960971,98547.98956886074,1469.4977890639566
4260,1472.8226403638255,2047423668.0,7681658880.0,96.24490575341461,98458.53858574314,0.4587635099887848,6.0489795918367356e-05,7.154102325439453,8.0078125,3.6798455715179443,96.24490575341461,98458.53858574314,1472.8226403638255
4270,1476.1464658889454,2047423668.0,7681658880.0,96.27460815304275,98488.92414056274,0.3922172486782074,5.967346938775511e-05,7.154102325439453,8.0078125,3.85337233543396,96.27460815304275,98488.92414056274,1476.1464658889454
4280,1479.4706389568746,2047423668.0,7681658880.0,96.2645426278429,98478.62710828328,0.3726595938205719,5.885714285714285e-05,7.154102325439453,8.0078125,3.8007898330688477,96.2645426278429,98478.62710828328,1479.4706389568746
4290,1482.7924589549657,2047423668.0,7681658880.0,96.33273331604086,98548.3861823098,0.37831270694732666,5.804081632653061e-05,7.154102325439453,8.0078125,3.8222646713256836,96.33273331604086,98548.3861823098,1482.7924589549657
4300,1486.1160779618658,2047423668.0,7681658880.0,96.28059032508018,98495.04390255702,0.3936544358730316,5.722448979591837e-05,7.154102325439453,8.0078125,3.8101038932800293,96.28059032508018,98495.04390255702,1486.1160779618658
4310,1489.4427373709623,2047423668.0,7681658880.0,96.19259462660574,98405.02430301768,0.37086865305900574,5.640816326530613e-05,7.154102325439453,8.0078125,3.8033769130706787,96.19259462660574,98405.02430301768,1489.4427373709623
4320,1492.7643235919531,2047423668.0,7681658880.0,96.3395133258171,98555.32213231089,0.373875230550766,5.559183673469388e-05,7.154102325439453,8.0078125,3.825202465057373,96.3395133258171,98555.32213231089,1492.7643235919531
4330,1496.08495077095,2047423668.0,7681658880.0,96.36733747890227,98583.78624091703,0.37629714608192444,5.4775510204081636e-05,7.154102325439453,8.0078125,3.883373737335205,96.36733747890227,98583.78624091703,1496.08495077095
4340,1499.40508424188,2047423668.0,7681658880.0,96.3816674244574,98598.44577521992,0.4071955382823944,5.3959183673469395e-05,7.154102325439453,8.0078125,3.9080727100372314,96.3816674244574,98598.44577521992,1499.40508424188
4350,1502.729682992911,2047423668.0,7681658880.0,96.25221687302181,98466.01786110131,0.3705136775970459,5.314285714285715e-05,7.154102325439453,8.0078125,3.7660422325134277,96.25221687302181,98466.01786110131,1502.729682992911
4360,1506.050376887899,2047423668.0,7681658880.0,96.36540136475408,98581.80559614341,0.3843799829483032,5.23265306122449e-05,7.154102325439453,8.0078125,3.833353042602539,96.36540136475408,98581.80559614341,1506.050376887899
4370,1509.3723123478703,2047423668.0,7681658880.0,96.32938503951318,98544.96089542199,0.38558292388916016,5.151020408163265e-05,7.154102325439453,8.0078125,3.772878646850586,96.32938503951318,98544.96089542199,1509.3723123478703
4380,1512.692524325801,2047423668.0,7681658880.0,96.37938846285172,98596.11439749731,0.3660944700241089,5.069387755102041e-05,7.154102325439453,8.0078125,3.915071487426758,96.37938846285172,98596.11439749731,1512.692524325801
4390,1516.0132092100102,2047423668.0,7681658880.0,96.36566285518155,98582.07310085073,0.38232600688934326,4.9877551020408165e-05,7.154102325439453,8.0078125,3.733520030975342,96.36566285518155,98582.07310085073,1516.0132092100102
4400,1519.3332742860075,2047423668.0,7681658880.0,96.38365293303178,98600.47695049152,0.3821716606616974,4.9061224489795924e-05,7.154102325439453,8.0078125,3.751857042312622,96.38365293303178,98600.47695049152,1519.3332742860075
4410,1522.6545649748296,2047423668.0,7681658880.0,96.34808572371412,98564.09169535954,0.3855631351470947,4.8244897959183675e-05,7.154102325439453,8.0078125,3.8985514640808105,96.34808572371412,98564.09169535954,1522.6545649748296
4420,1525.9745161689352,2047423668.0,7681658880.0,96.38695911197024,98603.85917154557,0.37661224603652954,4.742857142857143e-05,7.154102325439453,8.0078125,3.7631547451019287,96.38695911197024,98603.85917154557,1525.9745161689352
4430,1529.2951255408116,2047423668.0,7681658880.0,96.36785425898522,98584.31490694189,0.37329092621803284,4.6612244897959185e-05,7.154102325439453,8.0078125,3.808957815170288,96.36785425898522,98584.31490694189,1529.2951255408116
4440,1532.6173704708926,2047423668.0,7681658880.0,96.32041187047318,98535.78134349406,0.37884148955345154,4.579591836734694e-05,7.154102325439453,8.0078125,3.825169563293457,96.32041187047318,98535.78134349406,1532.6173704708926
4450,1535.936073581921,2047423668.0,7681658880.0,96.42320789003875,98640.94167150964,0.36297884583473206,4.4979591836734694e-05,7.154102325439453,8.0078125,3.8379807472229004,96.42320789003875,98640.94167150964,1535.936073581921
4460,1539.2570938088465,2047423668.0,7681658880.0,96.35593225405783,98572.11869590117,0.37322601675987244,4.416326530612245e-05,7.154102325439453,8.0078125,3.871776819229126,96.35593225405783,98572.11869590117,1539.2570938088465
4470,1542.5764904478565,2047423668.0,7681658880.0,96.40306200208875,98620.33242813678,0.3597705662250519,4.3346938775510204e-05,7.154102325439453,8.0078125,3.78374981880188,96.40306200208875,98620.33242813678,1542.5764904478565
4480,1545.8977441990282,2047423668.0,7681658880.0,96.34915726842691,98565.18788560072,0.39147433638572693,4.253061224489796e-05,7.154102325439453,8.0078125,3.6891419887542725,96.34915726842691,98565.18788560072,1545.8977441990282
4490,1549.2179510779679,2047423668.0,7681658880.0,96.37953647701515,98596.2658159865,0.4076051414012909,4.1714285714285714e-05,7.154102325439453,8.0078125,3.7878339290618896,96.37953647701515,98596.2658159865,1549.2179510779679
4500,1552.5374548400287,2047423668.0,7681658880.0,96.39995099789893,98617.14987085061,0.36646798253059387,4.089795918367347e-05,7.154102325439453,8.0078125,3.8101253509521484,96.39995099789893,98617.14987085061,1552.5374548400287
4500.0,,,,,,,,,,,,,
4510,1558.2170247719623,2047423668.0,7681658880.0,56.34229419392911,57638.16696038948,0.36854854226112366,4.008163265306122e-05,7.154102325439453,8.0078125,3.700446605682373,56.34229419392911,57638.16696038948,1558.2170247719623
4520,1561.538114371011,2047423668.0,7681658880.0,96.35391953642554,98570.05968576332,0.37663787603378296,3.926530612244898e-05,7.154102325439453,8.0078125,3.7691657543182373,96.35391953642554,98570.05968576332,1561.538114371011
4530,1564.8574559018016,2047423668.0,7681658880.0,96.40466250057344,98621.96973808663,0.3837115168571472,3.844897959183674e-05,7.154102325439453,8.0078125,3.7943410873413086,96.40466250057344,98621.96973808663,1564.8574559018016
4540,1568.1757956228685,2047423668.0,7681658880.0,96.43376715423128,98651.7437987786,0.3673301041126251,3.763265306122449e-05,7.154102325439453,8.0078125,3.894211769104004,96.43376715423128,98651.7437987786,1568.1757956228685
4550,1571.4945643688552,2047423668.0,7681658880.0,96.4213009378744,98638.99085944552,0.3771396577358246,3.681632653061224e-05,7.154102325439453,8.0078125,3.810429573059082,96.4213009378744,98638.99085944552,1571.4945643688552
4560,1574.813966176007,2047423668.0,7681658880.0,96.40291190736595,98620.17888123536,0.39525628089904785,3.6e-05,7.154102325439453,8.0078125,3.6749918460845947,96.40291190736595,98620.17888123536,1574.813966176007
4570,1578.133283921983,2047423668.0,7681658880.0,96.40535329524288,98622.67642103347,0.375976026058197,3.518367346938776e-05,7.154102325439453,8.0078125,3.8514792919158936,96.40535329524288,98622.67642103347,1578.133283921983
4580,1581.4531742969994,2047423668.0,7681658880.0,96.38872488325251,98605.66555556732,0.37021809816360474,3.436734693877551e-05,7.154102325439453,8.0078125,3.7612173557281494,96.38872488325251,98605.66555556732,1581.4531742969994
4590,1584.7713616059627,2047423668.0,7681658880.0,96.4381965826905,98656.27510409238,0.3697932958602905,3.355102040816327e-05,7.154102325439453,8.0078125,3.8061470985412598,96.4381965826905,98656.27510409238,1584.7713616059627
4600,1588.0870056478307,2047423668.0,7681658880.0,96.51216956924071,98731.94946933325,0.3754337728023529,3.273469387755102e-05,7.154102325439453,8.0078125,3.7998194694519043,96.51216956924071,98731.94946933325,1588.0870056478307
4610,1591.4055928848684,2047423668.0,7681658880.0,96.42657466664721,98644.3858839801,0.3720604479312897,3.191836734693878e-05,7.154102325439453,8.0078125,3.653306722640991,96.42657466664721,98644.3858839801,1591.4055928848684
4620,1594.725663280813,2047423668.0,7681658880.0,96.38349849173974,98600.31895704976,0.38570505380630493,3.110204081632653e-05,7.154102325439453,8.0078125,3.7058560848236084,96.38349849173974,98600.31895704976,1594.725663280813
4630,1598.0457766989712,2047423668.0,7681658880.0,96.38224954902964,98599.04128865732,0.36873766779899597,3.0285714285714288e-05,7.154102325439453,8.0078125,3.8366966247558594,96.38224954902964,98599.04128865732,1598.0457766989712
4640,1601.3646921280306,2047423668.0,7681658880.0,96.41703949373857,98634.63140209456,0.37223464250564575,2.946938775510204e-05,7.154102325439453,8.0078125,3.75822114944458,96.41703949373857,98634.63140209456,1601.3646921280306
4650,1604.688183530001,2047423668.0,7681658880.0,96.28428700320474,98498.82560427845,0.36965739727020264,2.8653061224489798e-05,7.154102325439453,8.0078125,3.7484238147735596,96.28428700320474,98498.82560427845,1604.688183530001
4660,1608.0068286899477,2047423668.0,7681658880.0,96.42489165823748,98642.66416637694,0.3708130419254303,2.7836734693877553e-05,7.154102325439453,8.0078125,3.829402208328247,96.42489165823748,98642.66416637694,1608.0068286899477
4670,1611.3255800749175,2047423668.0,7681658880.0,96.42180533595827,98639.5068586853,0.37310951948165894,2.702040816326531e-05,7.154102325439453,8.0078125,3.616118907928467,96.42180533595827,98639.5068586853,1611.3255800749175
4680,1614.6436958918348,2047423668.0,7681658880.0,96.44027443782818,98658.40074989822,0.41287410259246826,2.620408163265306e-05,7.154102325439453,8.0078125,3.734815835952759,96.44027443782818,98658.40074989822,1614.6436958918348
4690,1617.963959169807,2047423668.0,7681658880.0,96.37789934400718,98594.59102891934,0.37778937816619873,2.5387755102040817e-05,7.154102325439453,8.0078125,3.610058546066284,96.37789934400718,98594.59102891934,1617.963959169807
4700,1621.282174307853,2047423668.0,7681658880.0,96.43738777842832,98655.44769733217,0.37917742133140564,2.4571428571428572e-05,7.154102325439453,8.0078125,3.733623743057251,96.43738777842832,98655.44769733217,1621.282174307853
4710,1624.5994622898288,2047423668.0,7681658880.0,96.4643412747673,98683.02112408695,0.3857634663581848,2.3755102040816327e-05,7.154102325439453,8.0078125,3.7447621822357178,96.4643412747673,98683.02112408695,1624.5994622898288
4720,1627.9161029469687,2047423668.0,7681658880.0,96.48316868790587,98702.28156772771,0.3764401972293854,2.293877551020408e-05,7.154102325439453,8.0078125,3.8011202812194824,96.48316868790587,98702.28156772771,1627.9161029469687
4730,1631.235701160971,2047423668.0,7681658880.0,96.397208147123,98614.34393450683,0.38546159863471985,2.2122448979591836e-05,7.154102325439453,8.0078125,3.729703903198242,96.397208147123,98614.34393450683,1631.235701160971
4740,1634.5545286699198,2047423668.0,7681658880.0,96.41959370806883,98637.24436335442,0.36963364481925964,2.1306122448979595e-05,7.154102325439453,8.0078125,3.877490997314453,96.41959370806883,98637.24436335442,1634.5545286699198
4750,1637.8710449768696,2047423668.0,7681658880.0,96.48678624900415,98705.98233273125,0.3715188205242157,2.0489795918367346e-05,7.154102325439453,8.0078125,3.8408055305480957,96.48678624900415,98705.98233273125,1637.8710449768696
4760,1641.1865384769626,2047423668.0,7681658880.0,96.51655175648034,98736.43244687938,0.3792494535446167,1.9673469387755104e-05,7.154102325439453,8.0078125,3.883324146270752,96.51655175648034,98736.43244687938,1641.1865384769626
4770,1644.5012424529996,2047423668.0,7681658880.0,96.53954088008427,98759.95032032621,0.39055582880973816,1.885714285714286e-05,7.154102325439453,8.0078125,3.693498373031616,96.53954088008427,98759.95032032621,1644.5012424529996
4780,1647.8154066358693,2047423668.0,7681658880.0,96.5552647192372,98776.03580777966,0.3589617908000946,1.8040816326530614e-05,7.154102325439453,8.0078125,3.7447011470794678,96.5552647192372,98776.03580777966,1647.8154066358693
4790,1651.1299139678013,2047423668.0,7681658880.0,96.54526840750057,98765.80958087309,0.37440305948257446,1.722448979591837e-05,7.154102325439453,8.0078125,3.928558111190796,96.54526840750057,98765.80958087309,1651.1299139678013
4800,1654.4452638539951,2047423668.0,7681658880.0,96.5207326480314,98740.70949893612,0.36606451869010925,1.6408163265306124e-05,7.154102325439453,8.0078125,3.6458897590637207,96.5207326480314,98740.70949893612,1654.4452638539951
4810,1657.7601147869136,2047423668.0,7681658880.0,96.5352610044105,98755.57200751195,0.38073620200157166,1.559183673469388e-05,7.154102325439453,8.0078125,3.6978015899658203,96.5352610044105,98755.57200751195,1657.7601147869136
4820,1661.0760627479758,2047423668.0,7681658880.0,96.5033238632294,98722.90031208367,0.362225741147995,1.4775510204081633e-05,7.154102325439453,8.0078125,3.8669421672821045,96.5033238632294,98722.90031208367,1661.0760627479758
4830,1664.390416155802,2047423668.0,7681658880.0,96.54975213095113,98770.396429963,0.42266544699668884,1.395918367346939e-05,7.154102325439453,8.0078125,3.673741579055786,96.54975213095113,98770.396429963,1664.390416155802
4840,1667.7071252649184,2047423668.0,7681658880.0,96.4811774178339,98700.2444984441,0.4888717532157898,1.3142857142857143e-05,7.154102325439453,8.0078125,3.6621532440185547,96.4811774178339,98700.2444984441,1667.7071252649184
4850,1671.0243371929973,2047423668.0,7681658880.0,96.46655291792631,98685.2836350386,0.370692640542984,1.2326530612244898e-05,7.154102325439453,8.0078125,3.7455592155456543,96.46655291792631,98685.2836350386,1671.0243371929973
4860,1674.3398091879208,2047423668.0,7681658880.0,96.51717779247613,98737.07288170309,0.36643412709236145,1.1510204081632654e-05,7.154102325439453,8.0078125,3.7458314895629883,96.51717779247613,98737.07288170309,1674.3398091879208
4870,1677.6582463008817,2047423668.0,7681658880.0,96.43093694623956,98648.84849600306,0.373395711183548,1.0693877551020409e-05,7.154102325439453,8.0078125,3.7503130435943604,96.43093694623956,98648.84849600306,1677.6582463008817
4880,1680.973109308863,2047423668.0,7681658880.0,96.53490935508437,98755.2122702513,0.3661462962627411,9.877551020408164e-06,7.154102325439453,8.0078125,3.7939867973327637,96.53490935508437,98755.2122702513,1680.973109308863
4890,1684.292519402923,2047423668.0,7681658880.0,96.40267123746823,98619.93267592999,0.3954029381275177,9.061224489795919e-06,7.154102325439453,8.0078125,3.6450729370117188,96.40267123746823,98619.93267592999,1684.292519402923
4900,1687.6093096728437,2047423668.0,7681658880.0,96.47881655407177,98697.82933481543,0.368118554353714,8.244897959183674e-06,7.154102325439453,8.0078125,3.7595794200897217,96.47881655407177,98697.82933481543,1687.6093096728437
4910,1690.927573013818,2047423668.0,7681658880.0,96.4359868756075,98654.01457374646,0.3851628005504608,7.428571428571429e-06,7.154102325439453,8.0078125,3.8413496017456055,96.4359868756075,98654.01457374646,1690.927573013818
4920,1694.243878660025,2047423668.0,7681658880.0,96.4929153517499,98712.25240484014,0.37402069568634033,6.612244897959184e-06,7.154102325439453,8.0078125,3.739898920059204,96.4929153517499,98712.25240484014,1694.243878660025
4930,1697.5608580890112,2047423668.0,7681658880.0,96.47331460774706,98692.20084372524,0.3706590533256531,5.795918367346939e-06,7.154102325439453,8.0078125,3.7698724269866943,96.47331460774706,98692.20084372524,1697.5608580890112
4940,1700.879401539918,2047423668.0,7681658880.0,96.42784695573361,98645.68743571549,0.3775014579296112,4.9795918367346945e-06,7.154102325439453,8.0078125,3.8469269275665283,96.42784695573361,98645.68743571549,1700.879401539918
4950,1704.2002668930218,2047423668.0,7681658880.0,96.36042596575724,98576.71576296966,0.36924904584884644,4.163265306122449e-06,7.154102325439453,8.0078125,3.7171857357025146,96.36042596575724,98576.71576296966,1704.2002668930218
4960,1707.515939103905,2047423668.0,7681658880.0,96.51134962908374,98731.11067055268,0.41407686471939087,3.346938775510204e-06,7.154102325439453,8.0078125,3.7474324703216553,96.51134962908374,98731.11067055268,1707.515939103905
4970,1710.8341222999152,2047423668.0,7681658880.0,96.43831611973152,98656.39739048535,0.36452504992485046,2.5306122448979594e-06,7.154102325439453,8.0078125,3.7922072410583496,96.43831611973152,98656.39739048535,1710.8341222999152
4980,1714.1509229759686,2047423668.0,7681658880.0,96.47851386136446,98697.51968017584,0.3933218717575073,1.7142857142857145e-06,7.154102325439453,8.0078125,3.767500877380371,96.47851386136446,98697.51968017584,1714.1509229759686
4990,1717.4654658918735,2047423668.0,7681658880.0,96.5442319254562,98764.7492597417,0.37788963317871094,8.979591836734694e-07,7.154102325439453,8.0078125,3.751950263977051,96.5442319254562,98764.7492597417,1717.4654658918735
5000,1720.785328063881,2047423668.0,7681658880.0,96.38954372810367,98606.50323385006,0.3725772798061371,8.16326530612245e-08,7.154102325439453,8.0078125,3.6278128623962402,96.38954372810367,98606.50323385006,1720.785328063881
5000.0,,,,,,,,,,,,,
5000,1724.2289238988888,2047423668.0,7681658880.0,92.79510265852763,94929.39001967377,,,,,,,,
